file1,file2,import_similarity,method_similarity,label
Java/Evaluate Reverse Polish Notation.java,Java/HashWithCustomizedClass(LinkedList).java,0.0,0.0,1
thread-pool-executor/src/test/java/com/iluwatar/threadpoolexecutor/AppTest.java,backpressure/src/test/java/com/iluwatar/backpressure/LoggerExtension.java,0.0,0.0,0
Java/747. Largest Number At Least Twice of Others.java,Java/Largest Number.java,0.0,0.0,0
Java/307. Range Sum Query - Mutable.java,Java/Sort List.java,0.0,0.0,0
value-fixture/src-java-17/org/immutables/fixture/jackson3/ConstructorJacksonMapped.java,value-annotations/src/org/immutables/value/Value.java,0.0,0.0,0
Java/152. Maximum Product Subarray.java,Java/HashWithCustomizedClass(LinkedList).java,0.0,0.0,1
Java/273. Integer to English Words.java,Java/62. Unique Path.java,0.0,0.0,1
Java/493. Reverse Pairs.java,Java/Reshape the Matrix.java,0.0,0.0,1
value-fixture/src/org/immutables/fixture/jdkonly/OptionalDoubleDefault.java,value-fixture/src-java-17/org/immutables/fixture/datatype/SomeTypes.java,0.3333333333333333,0.0,0
Java/1. Two Sum.java,Java/443. String Compression.java,0.0,0.0,1
Java/134. Gas Station.java,Java/Minimum Absolute Difference in BST.java,0.0,0.0,1
Java/245. Shortest Word Distance III.java,Java/Longest Valid Parentheses.java,0.0,0.0,1
Java/785. Is Graph Bipartite.java,Java/Sliding Window Median.java,0.0,0.0,0
Java/159. Longest Substring with At Most Two Distinct Characters.java,Java/747. Largest Number At Least Twice of Others.java,0.0,0.0,1
thread-pool-executor/src/main/java/com/iluwatar/threadpoolexecutor/VipGuestCheckInTask.java,clean-architecture/src/test/java/com/iluwatar/cleanarchitecture/AppTest.java,0.0,0.0,0
value-processor/src/org/immutables/value/processor/meta/Annotations.java,generator/src/org/immutables/generator/ImportRewriter.java,0.14285714285714285,0.0,0
Java/1041. Robot Bounded In Circle.java,Java/Frog Jump.java,0.0,0.0,1
Java/One Edit Distance.java,Java/Linked List Cycle II.java,0.0,0.0,0
Java/Ones and Zeroes.java,Java/Interval Sum.java,0.0,0.0,0
Java/43. Multiply Strings.java,Java/[lint]. Heapify.java,0.0,0.0,1
Java/272. Closest Binary Search Tree Value II.java,Java/Backpack.java,0.0,0.0,0
Java/22. Generate Parentheses.java,Java/303. Range Sum Query - Immutable.java,0.0,0.0,1
Java/767. Reorganize String.java,Java/String Permutation.java,0.0,0.0,1
Java/632. Smallest Range Covering Elements from K Lists.java,Java/741. Cherry Pickup.java,0.0,0.0,1
Java/509. Fibonacci Number.java,Java/71. Simplify Path.java,0.0,0.0,1
Java/104. Maximum Depth of Binary Tree.java,Java/Redundant Connection.java,0.0,0.0,1
Java/202. Happy Number.java,Java/222. Count Complete Tree Nodes.java,0.0,0.0,1
Java/308. Range Sum Query 2D - Mutable.java,Java/Target Sum.java,0.0,0.0,1
Java/1043. Partition Array for Maximum Sum.java,Java/Strobogrammatic Number II.java,0.0,0.0,0
Java/Number of Digit One.java,Java/Orderly Queue.java,0.0,0.0,1
Java/31. Next Permutation.java,Java/Brick Wall.java,0.0,0.0,1
Java/Word Squares.java,Java/Sort List.java,0.0,0.0,0
Java/189. Rotate Array.java,Java/245. Shortest Word Distance III.java,0.0,0.0,1
clean-architecture/src/main/java/com/iluwatar/cleanarchitecture/package-info.java,backpressure/src/test/java/com/iluwatar/backpressure/AppTest.java,0.0,0.0,0
Java/274.H-Index.java,Java/Trim a Binary Search Tree.java,0.0,0.0,1
GenerateCodeTable.java,Java/140. Word Break II.java,0.0,0.0,1
Java/1203. Sort Items by Groups Respecting Dependencies.java,Java/2. Add Two Numbers.java,0.0,0.0,1
Java/1053. Previous Permutation With One Swap.java,Java/415. Add Strings.java,0.0,0.0,1
value-processor/src/org/immutables/value/processor/meta/TypeStringProvider.java,value-fixture/src/org/immutables/fixture/generatorext/Objects.java,0.0,0.0,0
Java/138. Copy List with Random Pointer.java,Java/Maximum Size Subarray Sum Equals k.java,0.0,0.0,1
Java/Combination Sum IV.java,Java/Maximum Vacation Days.java,0.0,0.0,1
Java/257. Binary Tree Paths.java,Java/Hamming Distance.java,0.0,0.0,1
value-fixture/src/org/immutables/fixture/DerivedArray.java,mongo/test/org/immutables/mongo/fixture/MongoContext.java,0.0,0.0,0
Java/1007. Minimum Domino Rotations For Equal Row.java,Java/Cracking the Safe.java,0.0,0.0,1
Java/414. Third Maximum Number.java,Java/Redundant Connection.java,0.0,0.0,1
Java/359. Logger Rate Limiter.java,Java/Number of Airplane in the sky.java,0.0,0.0,0
Java/51. N-Queens.java,Java/Encode and Decode TinyURL.java,0.0,0.0,1
Java/364. Nested List Weight Sum II.java,Java/621. Task Scheduler.java,0.0,0.0,1
Java/63. Unique Paths II.java,Java/Binary Tree Longest Consecutive Sequence II.java,0.0,0.0,1
Java/1106. Parsing A Boolean Expression.java,Java/1197. Minimum Knight Moves.java,0.0,0.0,1
value-fixture/src/org/immutables/fixture/NoParametersSingletonProtectedConstructor.java,value-fixture/src/org/immutables/fixture/with/MissingPackageDeclaration.java,1.0,0.0,0
gson/test/org/immutables/gson/adapter/GsonFeaturesTest.java,value-processor/src/org/immutables/value/processor/meta/TypeStringProvider.java,0.03571428571428571,0.0,0
Java/443. String Compression.java,Java/[lint]. HashHeap.java,0.0,0.0,1
Java/134. Gas Station.java,Java/Word Squares.java,0.0,0.0,1
Java/366. Find Leaves of Binary Tree.java,Java/621. Task Scheduler.java,0.0,0.0,1
Java/1219. Path with Maximum Gold.java,Java/K Empty Slots.java,0.0,0.0,1
Java/170. Two Sum III - Data structure design.java,Java/Construct Binary Tree from Inorder and Postorder Traversal.java,0.0,0.0,1
Java/Path Sum IV.java,Java/Paint Fence.java,0.0,0.0,0
actor-model/src/main/java/com/iluwatar/actormodel/Message.java,publish-subscribe/src/main/java/com/iluwatar/publish/subscribe/publisher/PublisherImpl.java,0.0,0.0,0
Java/39. Combination Sum.java,Java/850. Rectangle Area II.java,0.0,0.0,1
Java/222. Count Complete Tree Nodes.java,Java/[HackerRank]. Change to Anagram.java,0.0,0.0,1
Java/287. Find the Duplicate Number.java,Java/Kth Largest Element in an Array.java,0.0,0.0,1
Java/57. Insert Interval.java,Java/Connecting Graph.java,0.0,0.0,1
Java/671. Second Minimum Node In a Binary Tree.java,Java/Populating Next Right Pointers in Each Node II.java,0.0,0.0,0
Java/986. Interval List Intersections.java,Java/Triangles.java,0.0,0.0,0
Java/125. Valid Palindrome.java,Java/Reverse String.java,0.0,0.0,1
Java/207. Course Schedule.java,Java/46. Permutations.java,0.0,0.0,1
Java/605. Can Place Flowers.java,Java/Sort List.java,0.0,0.0,0
Java/21. Merge Two Sorted Lists.java,Java/Max Sum of Rectangle No Larger Than K.java,0.0,0.0,1
Java/173. Binary Search Tree Iterator.java,Java/557. Reverse Words in a String III.java,0.0,0.0,1
Java/23. Merge k Sorted Lists.java,Java/429. N-ary Tree Level Order Traversal.java,0.0,0.0,1
Java/349. Intersection of Two Arrays.java,Java/636. Exclusive Time of Functions.java,0.0,0.0,1
Java/1060. Missing Element in Sorted Array.java,Java/410. Split Array Largest Sum.java,0.0,0.0,1
Java/1216. Valid Palindrome III.java,Java/Connecting Graph II.java,0.0,0.0,1
Java/Connecting Graph II.java,Java/String Permutation.java,0.0,0.0,1
Java/429. N-ary Tree Level Order Traversal.java,Java/Minimum Size Subarray Sum.java,0.0,0.0,0
Java/1110. Delete Nodes And Return Forest.java,Java/Backspace String Compare.java,0.0,0.0,1
value-fixture/src/org/immutables/fixture/jdkonly/OptionalIntDefault.java,value-fixture/test/org/immutables/fixture/nullable/TypeuseAnnotationTest.java,0.0,0.0,0
Java/7. Reverse Integer.java,Java/Sort Colors II.java,0.0,0.0,0
Java/243. Shortest Word Distance.java,Java/Backpack.java,0.0,0.0,0
Java/245. Shortest Word Distance III.java,Java/Submatrix Sum.java,0.0,0.0,1
Java/39. Combination Sum.java,Java/Brick Wall.java,0.0,0.0,1
Java/[lint]. Nth to Last Node in List.java,Java/Paint Fence.java,0.0,0.0,0
Java/208. Implement Trie (Prefix Tree).java,Java/796. Rotate String.java,0.0,0.0,1
Java/12. Integer to Roman.java,Java/31. Next Permutation.java,0.0,0.0,1
Java/10. Regular Expression Matching.java,Java/Interval Sum II.java,0.0,0.0,0
Java/215. Kth Largest Element in an Array.java,Java/319. Bulb Switcher.java,0.0,0.0,1
Java/1. Two Sum.java,Java/261. Graph Valid Tree.java,0.0,0.0,1
Java/689. Maximum Sum of 3 Non-Overlapping Subarrays.java,Java/849. Maximize Distance to Closest Person.java,0.0,0.0,1
Java/1021. Remove Outermost Parentheses.java,Java/Heaters.java,0.0,0.0,1
Java/297. Serialize and Deserialize Binary Tree.java,Java/Segment Tree Query II.java,0.0,0.0,0
Java/Redundant Connection.java,Java/Shortest Distance from All Buildings.java,0.0,0.0,1
Java/254. Factor Combinations.java,Java/76. Minimum Window Substring.java,0.0,0.0,1
Java/1197. Minimum Knight Moves.java,Java/Inorder Successor in BST.java,0.0,0.0,0
Java/876. Middle of Linked List.java,Java/Coins in a Line III.java,0.0,0.0,1
Java/1197. Minimum Knight Moves.java,Java/430. Flatten a Multilevel Doubly Linked List.java,0.0,0.0,1
Java/1170. Compare Strings by Frequency of the Smallest Character.java,Java/String Permutation.java,0.0,0.0,1
Java/211. Add and Search Word - Data structure design.java,Java/405. Convert a Number to Hexadecimal.java,0.0,0.0,1
Java/721. Accounts Merge.java,Java/727. Minimum Window Subsequence.java,0.0,0.0,1
Java/13. Roman to Integer.java,Java/611. Valid Triangle Number.java,0.0,0.0,1
Java/236. Lowest Common Ancestor of a Binary Tree.java,Java/Scramble String.java,0.0,0.0,1
Java/1057. Campus Bikes.java,Java/1213. Intersection of Three Sorted Arrays.java,0.0,0.0,1
Java/360. Sort Transformed Array.java,Java/Backpack V.java,0.0,0.0,1
Java/605. Can Place Flowers.java,Java/Count of Smaller Number.java,0.0,0.0,0
value-fixture/src/org/immutables/fixture/DefaultSpecialCases.java,value-processor/src/org/immutables/value/processor/meta/LongBits.java,0.0,0.0,0
Java/100. Same Tree.java,Java/Find Peak Element II.java,0.0,0.0,1
Java/112. Path Sum.java,Java/Count of Smaller Number.java,0.0,0.0,0
Java/206. Reverse Linked List.java,Java/Segment Tree Query II.java,0.0,0.0,0
Java/219. Contains Duplicate II.java,Java/408. Valid Word Abbreviation.java,0.0,0.0,1
Java/1170. Compare Strings by Frequency of the Smallest Character.java,Java/Path Sum IV.java,0.0,0.0,1
Java/Shortest Palindrome.java,Java/Subsets II.java,0.0,0.0,0
Java/133. Clone Graph.java,Java/Sliding Puzzle.java,0.0,0.0,1
Java/242. Valid Anagram.java,Java/[lint]. Segment Tree Query.java,0.0,0.0,1
Java/205. Isomorphic Strings.java,Java/Predict the Winner.java,0.0,0.0,1
Java/57. Insert Interval.java,Java/Max Sum of Rectangle No Larger Than K.java,0.0,0.0,1
Java/1110. Delete Nodes And Return Forest.java,Java/680. Valid Palindrome II.java,0.0,0.0,1
Java/721. Accounts Merge.java,Java/Number of Airplane in the sky.java,0.0,0.0,0
GenerateCodeTable.java,Java/747. Largest Number At Least Twice of Others.java,0.0,0.0,1
Java/Flood Fill.java,Java/Maximum XOR of Two Numbers in an Array.java,0.0,0.0,1
Java/100. Same Tree.java,Java/311. Sparse Matrix Multiplication.java,0.0,0.0,1
Java/340. Longest Substring with At Most K Distinct Characters.java,Java/Median of two Sorted Arrays.java,0.0,0.0,0
Java/51. N-Queens.java,Java/[HackerRank]. Change to Anagram.java,0.0,0.0,1
Java/Merge Two Binary Trees.java,Java/[lint]. Heapify.java,0.0,0.0,1
Java/65. Valid Number.java,Java/69. Sqrt(x).java,0.0,0.0,1
Java/265. Paint House II.java,Java/Kth Largest Element in an Array.java,0.0,0.0,1
value-processor/src/org/immutables/value/processor/meta/Proto.java,value-processor/src/org/immutables/value/processor/meta/UnshadeJackson3.java,0.01818181818181818,0.0,1
Java/724. Find Pivot Index.java,Java/Missing Number.java,0.0,0.0,1
Java/448. Find All Numbers Disappeared in an Array.java,Java/The Maze II.java,0.0,0.0,1
Java/307. Range Sum Query - Mutable.java,Java/Maximum Subarray II.java,0.0,0.0,0
Java/83. Remove Duplicates from Sorted List.java,Java/Trapping Rain Water II.java,0.0,0.0,0
Java/53. Maximum Subarray.java,Java/Word Search II.java,0.0,0.0,0
Java/Hamming Distance.java,Java/Redundant Connection II.java,0.0,0.0,1
Java/14. Longest Common Prefix.java,Java/64. Minimum Path Sum.java,0.0,0.0,1
Java/938. Range Sum of BST.java,Java/Flatten 2D Vector.java,0.0,0.0,0
Java/125. Valid Palindrome.java,Java/13. Roman to Integer.java,0.0,0.0,1
Java/402. Remove K Digits.java,Java/438. Find All Anagrams in a String.java,0.0,0.0,1
Java/1108. Defanging an IP Address.java,Java/Design Search Autocomplete System.java,0.0,0.0,1
Java/785. Is Graph Bipartite.java,Java/855. Exam Room.java,0.0,0.0,1
testing/src/org/immutables/check/ObjectChecker.java,value-fixture/src/org/immutables/fixture/builder/from/HugeParentOne.java,0.0,0.0,0
Java/133. Clone Graph.java,Java/387. First Unique Character in a String.java,0.0,0.0,1
Java/724. Find Pivot Index.java,Java/Minimum Size Subarray Sum.java,0.0,0.0,0
Java/727. Minimum Window Subsequence.java,Java/Word Ladder.java,0.0,0.0,0
Java/26.Remove Duplicates from Sorted Array.java,Java/Longest Common Substring.java,0.0,0.0,0
Java/496. Next Greater Element I.java,Java/Triangles.java,0.0,0.0,0
Java/149. Max Points on a Line.java,Java/844. Backspace String Compare.java,0.0,0.0,1
Java/236. Lowest Common Ancestor of a Binary Tree.java,Java/8. String to Integer (atoi).java,0.0,0.0,1
data/test/org/immutables/data/package-info.java,value-fixture/src/nonimmutables/_underscore/SomeUnderscored.java,0.0,0.0,0
Java/43. Multiply Strings.java,Java/4Sum.java,0.0,0.0,0
Java/205. Isomorphic Strings.java,Java/Encode and Decode TinyURL.java,0.0,0.0,1
Java/1106. Parsing A Boolean Expression.java,Java/275. H-Index II.java,0.0,0.0,1
Java/1267. Count Servers that Communicate.java,Java/Design Search Autocomplete System.java,0.0,0.0,1
Java/Number of Longest Increasing Subsequence.java,Java/Two Sum IV - Input is a BST.java,0.0,0.0,1
Java/269. Alien Dictionary.java,Java/Decode String.java,0.0,0.0,1
Java/104. Maximum Depth of Binary Tree.java,Java/43. Multiply Strings.java,0.0,0.0,1
Java/158. Read N Characters Given Read4 II - Call multiple times.java,Java/Longest Substring Without Repeating Characters.java,0.0,0.0,0
Java/200. Number of Islands.java,Java/415. Add Strings.java,0.0,0.0,1
value-fixture/src/org/immutables/fixture/DerivedArray.java,value-processor/src/org/immutables/value/processor/meta/ValueAttribute.java,0.0,0.0,1
Java/Frog Jump.java,Java/Power of Two.java,0.0,0.0,1
Java/21. Merge Two Sorted Lists.java,Java/Minimum Absolute Difference in BST.java,0.0,0.0,1
GenerateCodeTable.java,Java/Backpack.java,0.0,0.0,0
Java/235. Lowest Common Ancestor of a Binary Search Tree.java,Java/Palindrome Pairs.java,0.0,0.0,1
Java/981. Time Based Key-Value Store.java,Java/Expression Add Operators.java,0.0,0.0,1
Java/824. Goat Latin.java,Java/986. Interval List Intersections.java,0.0,0.0,1
Java/243. Shortest Word Distance.java,Java/518. Coin Change 2.java,0.0,0.0,1
Java/100. Same Tree.java,Java/Coins in a Line III.java,0.0,0.0,1
Java/168. Excel Sheet Column Title.java,Java/876. Middle of Linked List.java,0.0,0.0,1
Java/[lint]. Lowest Common Ancestor II.java,Java/[lint]. Merge k Sorted Arrays.java,0.0,0.0,1
Java/68. Text Justification.java,Java/788. Rotated Digits.java,0.0,0.0,1
Java/221. Maximal Square.java,Java/Smallest Subtree with all the Deepest Nodes.java,0.0,0.0,1
Java/Submatrix Sum.java,Java/Largest Number.java,0.0,0.0,0
Java/1060. Missing Element in Sorted Array.java,Java/Queue Reconstruction by Height.java,0.0,0.0,1
Java/100. Same Tree.java,Java/[tool] Quick Select - Median.java,0.0,0.0,1
Java/238. Product of Array Except Self.java,Java/Trim a Binary Search Tree.java,0.0,0.0,1
Java/145. Binary Tree Postorder Traversal.java,Java/217. Contains Duplicate.java,0.0,0.0,1
Java/138. Copy List with Random Pointer.java,Java/229. Majority Element II.java,0.0,0.0,1
Java/245. Shortest Word Distance III.java,Java/QuickSort.java,0.0,0.0,1
Java/345. Reverse Vowels of a String.java,Java/Max Area of Island.java,0.0,0.0,1
value-annotations/src/org/immutables/value/Value.java,value-fixture/src-java-17/org/immutables/fixture/datatype/SomeTypes.java,0.0,0.0,0
Java/211. Add and Search Word - Data structure design.java,Java/43. Multiply Strings.java,0.0,0.0,1
Java/65. Valid Number.java,Java/Palindrome Pairs.java,0.0,0.0,1
Java/560. Subarray Sum Equals K.java,Java/63. Unique Paths II.java,0.0,0.0,1
Java/Reshape the Matrix.java,Java/[lint]. Subarray Sum.java,0.0,0.0,1
Java/953. Verifying an Alien Dictionary.java,Java/Number of Airplane in the sky.java,0.0,0.0,0
Java/Merge Two Binary Trees.java,Java/Flatten 2D Vector.java,0.0,0.0,0
Java/40. Combination Sum II.java,Java/Rearrange String k Distance Apart.java,0.0,0.0,1
Java/515. Find Largest Value in Each Tree Row.java,Java/[lint]. Recover Rotated Sorted Array.java,0.0,0.0,1
Java/238. Product of Array Except Self.java,Java/340. Longest Substring with At Most K Distinct Characters.java,0.0,0.0,1
Java/33. Search in Rotated Sorted Array.java,Java/91. Decode Ways.java,0.0,0.0,1
Java/51. N-Queens.java,Java/Robot Room Cleaner.java,0.0,0.0,1
Java/287. Find the Duplicate Number.java,Java/[lint]. Product of Array Exclude Itself.java,0.0,0.0,1
Java/98. Validate Binary Search Tree.java,Java/My Calendar I.java,0.0,0.0,1
Java/953. Verifying an Alien Dictionary.java,Java/Longest Substring Without Repeating Characters.java,0.0,0.0,0
Java/Flood Fill.java,Java/Word Squares.java,0.0,0.0,1
Java/516. Longest Palindromic Subsequence.java,Java/Minimum Absolute Difference in BST.java,0.0,0.0,1
Java/158. Read N Characters Given Read4 II - Call multiple times.java,Java/Hamming Distance.java,0.0,0.0,1
Java/173. Binary Search Tree Iterator.java,Java/[HackerRank]. Change to Anagram.java,0.0,0.0,1
Java/[tool]. Topological Sorting.java,Java/Reverse Linked List II .java,0.0,0.0,0
Java/319. Bulb Switcher.java,Java/373. Find K Pairs with Smallest Sums.java,0.0,0.0,1
Java/170. Two Sum III - Data structure design.java,Java/Find the Weak Connected Component in the Directed Graph.java,0.0,0.0,0
value-fixture/src/org/immutables/fixture/jdkonly/OptionalIntDefault.java,datatype/test/org/immutables/datatype/Dtt.java,0.18181818181818182,0.0,0
value-processor/src/org/immutables/value/processor/encode/Structurizer.java,data/src/org/immutables/data/Datatype.java,0.09523809523809523,0.045454545454545456,0
Java/238. Product of Array Except Self.java,Java/443. String Compression.java,0.0,0.0,1
Java/339. Nested List Weight Sum.java,Java/893. Groups of Special-Equivalent Strings.java,0.0,0.0,1
Java/824. Goat Latin.java,Java/HashWithCustomizedClass(LinkedList).java,0.0,0.0,1
Java/1021. Remove Outermost Parentheses.java,Java/Populating Next Right Pointers in Each Node II.java,0.0,0.0,0
Java/Maximum Average Subarray II.java,Java/Sliding Window Median.java,0.0,0.0,0
Java/125. Valid Palindrome.java,Java/Recover Binary Search Tree.java,0.0,0.0,1
Java/1161. Maximum Level Sum of a Binary Tree.java,Java/414. Third Maximum Number.java,0.0,0.0,1
Java/Backpack III.java,Java/Segment Tree Modify.java,0.0,0.0,0
Java/134. Gas Station.java,Java/[lint]. Recover Rotated Sorted Array.java,0.0,0.0,1
Java/1053. Previous Permutation With One Swap.java,Java/Best Time to Buy and Sell Stock III.java,0.0,0.0,0
Java/138. Copy List with Random Pointer.java,Java/Paint Fence.java,0.0,0.0,0
Java/239. Sliding Window Maximum.java,Java/Trim a Binary Search Tree.java,0.0,0.0,1
Java/Bricks Falling When Hit.java,Java/Paint Fence.java,0.0,0.0,0
Java/277. Find the Celebrity.java,Java/311. Sparse Matrix Multiplication.java,0.0,0.0,1
Java/1007. Minimum Domino Rotations For Equal Row.java,Java/[lint]. Merge k Sorted Arrays.java,0.0,0.0,1
Java/361. Bomb Enemy.java,Java/Merge Two Binary Trees.java,0.0,0.0,1
Java/234. Palindrome Linked List.java,Java/Count of Smaller Number.java,0.0,0.0,0
Java/K Empty Slots.java,Java/Longest Increasing Subsequence.java,0.0,0.0,0
actor-model/src/main/java/com/iluwatar/actormodel/App.java,function-composition/src/main/java/com/iluwatar/function/composition/App.java,0.0,1.0,0
Java/71. Simplify Path.java,Java/Convert Binary Search Tree to Sorted Doubly Linked List (extra space).java,0.0,0.0,0
Java/1216. Valid Palindrome III.java,Java/269. Alien Dictionary.java,0.0,0.0,1
Java/139. Word Break.java,Java/283. Move Zeroes.java,0.0,0.0,1
Java/206. Reverse Linked List.java,Java/Backpack III.java,0.0,0.0,1
Java/359. Logger Rate Limiter.java,Java/689. Maximum Sum of 3 Non-Overlapping Subarrays.java,0.0,0.0,1
Java/9. Palindrome Number.java,Java/Reverse Linked List II .java,0.0,0.0,0
Java/1203. Sort Items by Groups Respecting Dependencies.java,Java/Number Of Corner Rectangles.java,0.0,0.0,1
value-processor/src/org/immutables/value/processor/meta/UnshadeGuava.java,value-fixture/src-java-17/org/immutables/fixture/jackson3/SampleJacksonMapped.java,0.0,0.0,0
Java/315. Count of Smaller Numbers After Self.java,Java/977. Squares of a Sorted Array.java,0.0,0.0,1
Java/189. Rotate Array.java,Java/HashWithCustomizedClass(LinkedList).java,0.0,0.0,1
Java/938. Range Sum of BST.java,Java/Missing Number.java,0.0,0.0,1
Java/Backpack V.java,Java/Binary Gap.java,0.0,0.0,1
value-annotations/src/org/immutables/value/Value.java,value-processor/src/org/immutables/value/processor/meta/LongBits.java,0.0,0.0,0
Java/256. Paint House.java,Java/272. Closest Binary Search Tree Value II.java,0.0,0.0,1
thread-pool-executor/src/main/java/com/iluwatar/threadpoolexecutor/App.java,publish-subscribe/src/main/java/com/iluwatar/publish/subscribe/subscriber/WeatherSubscriber.java,0.16666666666666666,0.0,0
Java/122. Best Time to Buy and Sell Stock II.java,Java/Total Hamming Distance.java,0.0,0.0,1
Java/104. Maximum Depth of Binary Tree.java,Java/243. Shortest Word Distance.java,0.0,0.0,1
Java/301. Remove Invalid Parentheses.java,Java/Subarray Sum II.java,0.0,0.0,1
Java/1. Two Sum.java,Java/350. Intersection of Two Arrays II.java,0.0,0.0,1
Java/698. Partition to K Equal Sum Subsets.java,Java/Trim a Binary Search Tree.java,0.0,0.0,1
Java/242. Valid Anagram.java,Java/256. Paint House.java,0.0,0.0,1
Java/373. Find K Pairs with Smallest Sums.java,Java/Encode and Decode TinyURL.java,0.0,0.0,1
Java/Two Sum II - Input array is sorted.java,Java/Word Ladder.java,0.0,0.0,0
value-fixture/src/org/immutables/fixture/modifiable/Companion.java,value-fixture/test/org/immutables/fixture/marshal/Marshaling.java,0.0,0.0,0
Java/Basic Calculator.java,Java/Contiguous Array.java,0.0,0.0,1
value-fixture/src/org/immutables/fixture/DerivedArray.java,value-fixture/test/org/immutables/fixture/AllDefaultsTest.java,0.0,0.0,0
Java/347. Top K Frequent Elements.java,Java/Ones and Zeroes.java,0.0,0.0,1
Java/102. Binary Tree Level Order Traversal.java,Java/[lint]. HashHeap.java,0.0,0.0,1
Java/136. Single Number.java,Java/621. Task Scheduler.java,0.0,0.0,1
Java/152. Maximum Product Subarray.java,Java/674. Longest Continuous Increasing Subsequence.java,0.0,0.0,1
Java/347. Top K Frequent Elements.java,Java/Longest Valid Parentheses.java,0.0,0.0,1
Java/1053. Previous Permutation With One Swap.java,Java/921. Minimum Add to Make Parentheses Valid.java,0.0,0.0,1
Java/1053. Previous Permutation With One Swap.java,Java/1306. Jump Game III.java,0.0,0.0,1
Java/Word Ladder II.java,Java/Sort Colors II.java,0.0,0.0,0
Java/23. Merge k Sorted Lists.java,Java/Add Digits.java,0.0,0.0,1
Java/152. Maximum Product Subarray.java,Java/Predict the Winner.java,0.0,0.0,1
Java/339. Nested List Weight Sum.java,Java/347. Top K Frequent Elements.java,0.0,0.0,1
Java/1153. String Transforms Into Another String.java,Java/Triangles.java,0.0,0.0,0
Java/1123. Lowest Common Ancestor of Deepest Leaves.java,Java/1306. Jump Game III.java,0.0,0.0,1
Java/Friends Of Appropriate Ages.java,Java/House Robber II.java,0.0,0.0,0
Java/Rearrange String k Distance Apart.java,Java/Sort List.java,0.0,0.0,0
Java/364. Nested List Weight Sum II.java,Java/Cracking the Safe.java,0.0,0.0,1
Java/12. Integer to Roman.java,Java/131. Palindrome Partitioning.java,0.0,0.0,1
Java/1106. Parsing A Boolean Expression.java,Java/The Maze III.java,0.0,0.0,1
Java/199. Binary Tree Right Side View.java,Java/46. Permutations.java,0.0,0.0,1
Java/896. Monotonic Array.java,Java/Backspace String Compare.java,0.0,0.0,1
Java/347. Top K Frequent Elements.java,Java/369. Plus One Linked List.java,0.0,0.0,1
Java/140. Word Break II.java,Java/Sliding Puzzle.java,0.0,0.0,1
Java/237. Delete Node in a Linked List.java,Java/Minimum Size Subarray Sum.java,0.0,0.0,0
Java/518. Coin Change 2.java,Java/747. Largest Number At Least Twice of Others.java,0.0,0.0,1
Java/9. Palindrome Number.java,Java/Maximum Subarray II.java,0.0,0.0,0
value-annotations/src/org/immutables/value/Value.java,value-fixture/src/org/immutables/fixture/with/WithAllowsNullMap.java,0.0,0.0,0
Java/319. Bulb Switcher.java,Java/399. Evaluate Division.java,0.0,0.0,1
Java/283. Move Zeroes.java,Java/414. Third Maximum Number.java,0.0,0.0,1
value-fixture/src/org/immutables/fixture/DerivedArray.java,value-fixture/src/org/immutables/fixture/builder/from/ChildOfHugeParents.java,0.5,0.0,0
Java/1219. Path with Maximum Gold.java,Java/Sort Letters by Case.java,0.0,0.0,0
Java/151. Reverse Words in a String.java,Java/340. Longest Substring with At Most K Distinct Characters.java,0.0,0.0,1
Java/301. Remove Invalid Parentheses.java,Java/694. Number of Distinct Islands.java,0.0,0.0,1
Java/850. Rectangle Area II.java,Java/Subarray Sum II.java,0.0,0.0,1
Java/1216. Valid Palindrome III.java,Java/Binary Gap.java,0.0,0.0,1
Java/543. Diameter of Binary Tree.java,Java/Maximum Subarray II.java,0.0,0.0,0
awaitility/src/main/java/org/awaitility/core/ConditionFactory.java,awaitility/src/test/java/org/awaitility/core/JavaVersionDetectorTest.java,0.0,0.0,0
Java/852. Peak Index in a Mountain Array.java,Java/Group Shifted Strings.java,0.0,0.0,0
Java/Shuffle an Array.java,Java/Strobogrammatic Number II.java,0.0,0.0,0
Java/1053. Previous Permutation With One Swap.java,Java/98. Validate Binary Search Tree.java,0.0,0.0,1
Java/387. First Unique Character in a String.java,Java/Next Closest Time.java,0.0,0.0,1
Java/14. Longest Common Prefix.java,Java/K Edit Distance.java,0.0,0.0,1
Java/149. Max Points on a Line.java,Java/Minimum Swaps To Make Sequences Increasing.java,0.0,0.0,1
Java/1057. Campus Bikes.java,Java/1110. Delete Nodes And Return Forest.java,0.0,0.0,1
Java/523. Continuous Subarray Sum.java,Java/Rearrange String k Distance Apart.java,0.0,0.0,1
Java/1216. Valid Palindrome III.java,Java/63. Unique Paths II.java,0.0,0.0,1
Java/402. Remove K Digits.java,Java/Sort Letters by Case.java,0.0,0.0,0
Java/Remove Duplicate Letters.java,Java/Median of two Sorted Arrays.java,0.0,0.0,0
Java/237. Delete Node in a Linked List.java,Java/443. String Compression.java,0.0,0.0,1
Java/118. Pascal's Triangle.java,Java/Kth Smallest Element in a Sorted Matrix.java,0.0,0.0,0
Java/133. Clone Graph.java,Java/36. Valid Sudoku.java,0.0,0.0,1
value-fixture/src/org/immutables/fixture/builder/from/HugeParentOne.java,value-fixture/src/org/immutables/fixture/builder/from/HugeParentTwo.java,0.0,0.0,1
Java/102. Binary Tree Level Order Traversal.java,Java/8. String to Integer (atoi).java,0.0,0.0,1
Java/359. Logger Rate Limiter.java,Java/Combination Sum III.java,0.0,0.0,1
Java/1041. Robot Bounded In Circle.java,Java/114. Flatten Binary Tree to Linked List.java,0.0,0.0,1
Java/Russian Doll Envelopes.java,Java/Subarray Sum Closest.java,0.0,0.0,0
Java/Max Sum of Rectangle No Larger Than K.java,Java/Segment Tree Query II.java,0.0,0.0,0
Java/Maximum Average Subarray I.java,Java/Word Ladder II.java,0.0,0.0,0
Java/Minimum Swaps To Make Sequences Increasing.java,Java/Inorder Successor in BST.java,0.0,0.0,0
Java/380. Insert Delete GetRandom O(1).java,Java/Interval Sum.java,0.0,0.0,0
data/test/org/immutables/data/package-info.java,value-processor/src/org/immutables/value/processor/meta/ValueMirrors.java,0.0,0.0,0
clean-architecture/src/main/java/com/iluwatar/cleanarchitecture/Cart.java,clean-architecture/src/main/java/com/iluwatar/cleanarchitecture/Product.java,1.0,0.0,1
Java/287. Find the Duplicate Number.java,Java/Sort List.java,0.0,0.0,0
Java/244. Shortest Word Distance II.java,Java/560. Subarray Sum Equals K.java,0.0,0.0,1
Java/217. Contains Duplicate.java,Java/Sliding Window Median.java,0.0,0.0,0
value-processor/src/org/immutables/value/processor/meta/UnshadeGuava.java,value-processor/src/org/immutables/value/processor/meta/UnshadeJackson3.java,1.0,0.6,0
Java/415. Add Strings.java,Java/[lint]. Heapify.java,0.0,0.0,1
Java/1060. Missing Element in Sorted Array.java,Java/Word Squares.java,0.0,0.0,1
Java/252. Meeting Rooms.java,Java/72. Edit Distance.java,0.0,0.0,1
Java/322. Coin Change.java,Java/[lint]. Lowest Common Ancestor II.java,0.0,0.0,1
Java/727. Minimum Window Subsequence.java,Java/Robot Room Cleaner.java,0.0,0.0,1
Java/369. Plus One Linked List.java,Java/Decode String.java,0.0,0.0,1
Java/852. Peak Index in a Mountain Array.java,Java/Longest Valid Parentheses.java,0.0,0.0,1
Java/1053. Previous Permutation With One Swap.java,Java/Interval Minimum Number.java,0.0,0.0,0
Java/303. Range Sum Query - Immutable.java,Java/88. Search in Rotated Sorted Array II.java,0.0,0.0,1
Java/42. Trapping Rain Water.java,Java/Backspace String Compare.java,0.0,0.0,1
Java/275. H-Index II.java,Java/361. Bomb Enemy.java,0.0,0.0,1
Java/272. Closest Binary Search Tree Value II.java,Java/Cracking the Safe.java,0.0,0.0,1
Java/844. Backspace String Compare.java,Java/Brick Wall.java,0.0,0.0,1
Java/Backpack V.java,Java/Strobogrammatic Number II.java,0.0,0.0,0
Java/341. Flatten Nested List Iterator.java,Java/Connecting Graph.java,0.0,0.0,1
Java/k Sum.java,Java/Median of two Sorted Arrays.java,0.0,0.0,0
Java/973. K Closest Points to Origin.java,Java/Minimum Size Subarray Sum.java,0.0,0.0,0
Java/307. Range Sum Query - Mutable.java,Java/[lint]. Lowest Common Ancestor II.java,0.0,0.0,1
Java/303. Range Sum Query - Immutable.java,Java/518. Coin Change 2.java,0.0,0.0,1
Java/1213. Intersection of Three Sorted Arrays.java,Java/26.Remove Duplicates from Sorted Array.java,0.0,0.0,1
Java/252. Meeting Rooms.java,Java/299. Bulls and Cows.java,0.0,0.0,1
Java/1267. Count Servers that Communicate.java,Java/Strobogrammatic Number II.java,0.0,0.0,0
Java/339. Nested List Weight Sum.java,Java/Longest Substring Without Repeating Characters.java,0.0,0.0,0
Java/254. Factor Combinations.java,Java/Kth Largest Element in an Array.java,0.0,0.0,1
Java/Backpack VI.java,Java/Number Of Corner Rectangles.java,0.0,0.0,1
Java/408. Valid Word Abbreviation.java,Java/[lint]. Longest Words.java,0.0,0.0,1
Java/199. Binary Tree Right Side View.java,Java/83. Remove Duplicates from Sorted List.java,0.0,0.0,1
Java/K Edit Distance.java,Java/[lint]. Nth to Last Node in List.java,0.0,0.0,1
Java/692. Top K Frequent Words.java,Java/Kth Smallest Element in a Sorted Matrix.java,0.0,0.0,0
Java/152. Maximum Product Subarray.java,Java/Flood Fill.java,0.0,0.0,1
Java/315. Count of Smaller Numbers After Self.java,Java/[lint]. HashHeap.java,0.0,0.0,1
Java/843. Guess the Word.java,Java/Trapping Rain Water II.java,0.0,0.0,0
value-processor/src/org/immutables/value/processor/meta/Annotations.java,value-processor/src/org/immutables/value/processor/meta/TelescopicBuild.java,0.2,0.0,0
Java/200. Number of Islands.java,Java/Flatten 2D Vector.java,0.0,0.0,0
Java/973. K Closest Points to Origin.java,Java/Orderly Queue.java,0.0,0.0,1
Java/149. Max Points on a Line.java,Java/62. Unique Path.java,0.0,0.0,1
Java/843. Guess the Word.java,Java/Bus Routes.java,0.0,0.0,1
Java/80.Remove Duplicates from Sorted Array II.java,Java/Redundant Connection II.java,0.0,0.0,1
Java/Connecting Graph.java,Java/Reshape the Matrix.java,0.0,0.0,1
Java/124. Binary Tree Maximum Path Sum.java,Java/34. Find First and Last Position of Element in Sorted Array.java,0.0,0.0,1
Java/305. Number of Islands II.java,Java/896. Monotonic Array.java,0.0,0.0,1
Java/265. Paint House II.java,Java/70. Climbing Stairs.java,0.0,0.0,1
Java/305. Number of Islands II.java,Java/855. Exam Room.java,0.0,0.0,1
Java/200. Number of Islands.java,Java/767. Reorganize String.java,0.0,0.0,1
Java/28. Implement strStr().java,Java/Zigzag Iterator.java,0.0,0.0,0
Java/1007. Minimum Domino Rotations For Equal Row.java,Java/253. Meeting Rooms II.java,0.0,0.0,1
Java/340. Longest Substring with At Most K Distinct Characters.java,Java/52. N-Queens II.java,0.0,0.0,1
value-fixture/src/nonimmutables/ChildAnnotationB.java,generator/src/org/immutables/generator/PostprocessingMachine.java,0.0,0.0,0
Java/51. N-Queens.java,Java/Wildcard Matching.java,0.0,0.0,1
Java/56. Merge Intervals.java,Java/720. Longest Word in Dictionary.java,0.0,0.0,1
Java/1053. Previous Permutation With One Swap.java,Java/67. Add Binary.java,0.0,0.0,1
Java/Expression Add Operators.java,Java/Total Hamming Distance.java,0.0,0.0,1
Java/104. Maximum Depth of Binary Tree.java,Java/QuickSort.java,0.0,0.0,1
Java/141. Linked List Cycle.java,Java/443. String Compression.java,0.0,0.0,1
Java/1108. Defanging an IP Address.java,Java/986. Interval List Intersections.java,0.0,0.0,1
Java/169. Majority Element.java,Java/398. Random Pick Index.java,0.0,0.0,1
Java/139. Word Break.java,Java/Longest Common Subsequence.java,0.0,0.0,0
Java/1060. Missing Element in Sorted Array.java,Java/632. Smallest Range Covering Elements from K Lists.java,0.0,0.0,1
Java/118. Pascal's Triangle.java,Java/[tool]. Hash Function.java,0.0,0.0,1
Java/134. Gas Station.java,Java/Maximum Size Subarray Sum Equals k.java,0.0,0.0,1
Java/1213. Intersection of Three Sorted Arrays.java,Java/416. Partition Equal Subset Sum.java,0.0,0.0,1
Java/200. Number of Islands.java,Java/Sort List.java,0.0,0.0,0
Java/518. Coin Change 2.java,Java/852. Peak Index in a Mountain Array.java,0.0,0.0,1
Java/261. Graph Valid Tree.java,Java/Ones and Zeroes.java,0.0,0.0,1
Java/639. Decode Ways II.java,Java/674. Longest Continuous Increasing Subsequence.java,0.0,0.0,1
Java/101. Symmetric Tree.java,Java/244. Shortest Word Distance II.java,0.0,0.0,1
Java/144. Binary Tree Preorder Traversal.java,Java/953. Verifying an Alien Dictionary.java,0.0,0.0,1
Java/Cracking the Safe.java,Java/Remove Duplicate Letters.java,0.0,0.0,1
Java/31. Next Permutation.java,Java/771. Jewels and Stones.java,0.0,0.0,1
Java/210. Course Schedule II.java,Java/277. Find the Celebrity.java,0.0,0.0,1
Java/275. H-Index II.java,Java/Hamming Distance.java,0.0,0.0,1
Java/28. Implement strStr().java,Java/Longest Increasing Subsequence.java,0.0,0.0,0
Java/373. Find K Pairs with Smallest Sums.java,Java/Populating Next Right Pointers in Each Node II.java,0.0,0.0,0
Java/Interval Minimum Number.java,Java/Binary Representation.java,0.0,0.0,0
Java/973. K Closest Points to Origin.java,Java/Inorder Successor in BST.java,0.0,0.0,0
Java/My Calendar I.java,Java/Scramble String.java,0.0,0.0,1
value-processor/src/org/immutables/value/processor/encode/Structurizer.java,value-fixture/src/nonimmutables/NonUnderscored.java,0.0,0.0,0
Java/Maximum Vacation Days.java,Java/[lint]. 3 Sum Closest.java,0.0,0.0,1
Java/55. Jump Game.java,Java/875. Koko Eating Bananas.java,0.0,0.0,1
value-fixture/src-java-17/org/immutables/fixture/jackson3/ConstructorJacksonMapped.java,value-fixture/src/org/immutables/fixture/AllDefaults.java,0.25,0.0,0
Java/83. Remove Duplicates from Sorted List.java,Java/Add Digits.java,0.0,0.0,1
Java/205. Isomorphic Strings.java,Java/52. N-Queens II.java,0.0,0.0,1
Java/12. Integer to Roman.java,Java/[tool] Quick Select - Median.java,0.0,0.0,1
Java/13. Roman to Integer.java,Java/Two Sum IV - Input is a BST.java,0.0,0.0,1
Java/621. Task Scheduler.java,Java/721. Accounts Merge.java,0.0,0.0,1
Java/1053. Previous Permutation With One Swap.java,Java/973. K Closest Points to Origin.java,0.0,0.0,1
Java/741. Cherry Pickup.java,Java/80.Remove Duplicates from Sorted Array II.java,0.0,0.0,1
Java/142. Linked List Cycle II.java,Java/319. Bulb Switcher.java,0.0,0.0,1
Java/1203. Sort Items by Groups Respecting Dependencies.java,Java/[lint]. Anagrams.java,0.0,0.0,1
Java/359. Logger Rate Limiter.java,Java/46. Permutations.java,0.0,0.0,1
Java/665. Non-decreasing Array.java,Java/Connecting Graph II.java,0.0,0.0,1
Java/347. Top K Frequent Elements.java,Java/Design Search Autocomplete System.java,0.0,0.0,1
Java/[lint]. Product of Array Exclude Itself.java,Java/Segment Tree Query II.java,0.0,0.0,0
Java/277. Find the Celebrity.java,Java/Subarray Sum Closest.java,0.0,0.0,0
Java/305. Number of Islands II.java,Java/31. Next Permutation.java,0.0,0.0,1
value-fixture/src/org/immutables/fixture/DefaultMoreSpecialCases.java,value-fixture/src-java-17/PlainInUnnamedGeneric.java,1.0,0.0,0
Java/523. Continuous Subarray Sum.java,Java/Interval Minimum Number.java,0.0,0.0,0
Java/Maximum Average Subarray II.java,Java/Flatten 2D Vector.java,0.0,0.0,0
Java/80.Remove Duplicates from Sorted Array II.java,Java/Minimum Absolute Difference in BST.java,0.0,0.0,1
Java/Best Time to Buy and Sell Stock with Transaction Fee.java,Java/Binary Gap.java,0.0,0.0,1
Java/361. Bomb Enemy.java,Java/415. Add Strings.java,0.0,0.0,1
Java/211. Add and Search Word - Data structure design.java,Java/Power of Two.java,0.0,0.0,1
Java/111. Minimum Depth of Binary Tree.java,Java/Counting Bits.java,0.0,0.0,1
Java/Subtree of Another Tree.java,Java/The Spiral Matrix II.java,0.0,0.0,1
Java/47. Permutations II.java,Java/953. Verifying an Alien Dictionary.java,0.0,0.0,1
Java/1108. Defanging an IP Address.java,Java/28. Implement strStr().java,0.0,0.0,1
Java/636. Exclusive Time of Functions.java,Java/Strobogrammatic Number II.java,0.0,0.0,0
Java/136. Single Number.java,Java/485. Max Consecutive Ones.java,0.0,0.0,1
Java/1007. Minimum Domino Rotations For Equal Row.java,Java/383. Ransom Note.java,0.0,0.0,1
Java/977. Squares of a Sorted Array.java,Java/Max Sum of Rectangle No Larger Than K.java,0.0,0.0,1
clean-architecture/src/main/java/com/iluwatar/cleanarchitecture/Order.java,clean-architecture/src/main/java/com/iluwatar/cleanarchitecture/ShoppingCartService.java,0.5,0.0,1
Java/1110. Delete Nodes And Return Forest.java,Java/611. Valid Triangle Number.java,0.0,0.0,1
Java/986. Interval List Intersections.java,Java/Number of Airplane in the sky.java,0.0,0.0,0
Java/1041. Robot Bounded In Circle.java,Java/28. Implement strStr().java,0.0,0.0,1
Java/485. Max Consecutive Ones.java,Java/Interval Minimum Number.java,0.0,0.0,0
Java/493. Reverse Pairs.java,Java/Longest Univalue Path.java,0.0,0.0,1
Java/Guess Number Higher or Lower.java,Java/QuickSort.java,0.0,0.0,1
Java/849. Maximize Distance to Closest Person.java,Java/Compare Version Numbers.java,0.0,0.0,1
datatype/test/org/immutables/datatype/MetaModel.java,value-fixture/test/org/immutables/fixture/jdkonly/JdkOptionalDefaultTest.java,0.0,0.0,0
Java/1021. Remove Outermost Parentheses.java,Java/849. Maximize Distance to Closest Person.java,0.0,0.0,1
Java/259. 3Sum Smaller.java,Java/Sort List.java,0.0,0.0,0
Java/359. Logger Rate Limiter.java,Java/Flip Game II.java,0.0,0.0,0
Java/244. Shortest Word Distance II.java,Java/[lint]. Anagrams.java,0.0,0.0,1
value-fixture/src/org/immutables/fixture/CheckWithPlainConstructor.java,value-fixture/src/org/immutables/fixture/jdkonly/OptionalIntDefault.java,0.5,0.0,0
Java/266. Palindrome Permutation.java,Java/Shortest Distance from All Buildings.java,0.0,0.0,1
Java/308. Range Sum Query 2D - Mutable.java,Java/Encode and Decode TinyURL.java,0.0,0.0,1
Java/Redundant Connection II.java,Java/Median of two Sorted Arrays.java,0.0,0.0,0
Java/275. H-Index II.java,Java/518. Coin Change 2.java,0.0,0.0,1
Java/215. Kth Largest Element in an Array.java,Java/Longest Substring Without Repeating Characters.java,0.0,0.0,0
value-fixture/test/org/immutables/fixture/ValuesTest.java,value-fixture/test/org/immutables/fixture/AllDefaultsTest.java,0.08695652173913043,0.0,0
Java/322. Coin Change.java,Java/Best Time to Buy and Sell Stock with Cooldown.java,0.0,0.0,1
Java/621. Task Scheduler.java,Java/Power of Two.java,0.0,0.0,1
Java/Flood Fill.java,Java/Interval Sum II.java,0.0,0.0,0
clean-architecture/src/main/java/com/iluwatar/cleanarchitecture/InMemoryProductRepository.java,clean-architecture/src/main/java/com/iluwatar/cleanarchitecture/ShoppingCartService.java,0.0,0.0,1
Java/Missing Number.java,Java/Convert Binary Search Tree to Sorted Doubly Linked List (extra space).java,0.0,0.0,0
Java/716. Max Stack.java,Java/Minimum Size Subarray Sum.java,0.0,0.0,0
thread-pool-executor/src/test/java/com/iluwatar/threadpoolexecutor/AppTest.java,publish-subscribe/src/main/java/com/iluwatar/publish/subscribe/publisher/Publisher.java,0.0,0.0,0
value-fixture/src-java-17/org/immutables/fixture/j17/Person.java,value-processor/src/org/immutables/value/processor/meta/Annotations.java,0.0,0.0,0
Java/Segment Tree Modify.java,Java/Longest Increasing Subsequence.java,0.0,0.0,0
Java/46. Permutations.java,Java/Sliding Window Median.java,0.0,0.0,0
Java/1213. Intersection of Three Sorted Arrays.java,Java/Power of Two.java,0.0,0.0,1
Java/Encode and Decode TinyURL.java,Java/Sliding Window Median.java,0.0,0.0,0
Java/56. Merge Intervals.java,Java/69. Sqrt(x).java,0.0,0.0,1
Java/360. Sort Transformed Array.java,Java/Walls and Gates.java,0.0,0.0,1
awaitility/src/test/java/org/awaitility/UsingAtomicTest.java,awaitility/src/test/java/org/awaitility/core/ConditionAwaiterTest.java,0.17647058823529413,0.0,0
Java/665. Non-decreasing Array.java,Java/[tool]. Hash Function.java,0.0,0.0,1
Java/Encode and Decode TinyURL.java,Java/Subtree of Another Tree.java,0.0,0.0,1
Java/Russian Doll Envelopes.java,Java/[lint]. Heapify.java,0.0,0.0,1
Java/Predict the Winner.java,"Java/Pow(x, n).java",0.0,0.0,0
Java/145. Binary Tree Postorder Traversal.java,Java/[lint]. Subarray Sum.java,0.0,0.0,1
Java/Evaluate Reverse Polish Notation.java,Java/Smallest Subtree with all the Deepest Nodes.java,0.0,0.0,1
Java/146. LRU Cache.java,Java/303. Range Sum Query - Immutable.java,0.0,0.0,1
Java/222. Count Complete Tree Nodes.java,Java/62. Unique Path.java,0.0,0.0,1
Java/Number of Longest Increasing Subsequence.java,Java/Subarray Sum Closest.java,0.0,0.0,0
Java/1161. Maximum Level Sum of a Binary Tree.java,Java/295. Find Median from Data Stream.java,0.0,0.0,1
Java/125. Valid Palindrome.java,Java/Minimum Subarray.java,0.0,0.0,0
Java/252. Meeting Rooms.java,Java/295. Find Median from Data Stream.java,0.0,0.0,1
Java/340. Longest Substring with At Most K Distinct Characters.java,"Java/Pow(x, n).java",0.0,0.0,0
Java/55. Jump Game.java,Java/[tool]. UnionFind.java,0.0,0.0,1
Java/493. Reverse Pairs.java,Java/Minimum Subarray.java,0.0,0.0,0
Java/322. Coin Change.java,Java/Count of Smaller Number.java,0.0,0.0,0
Java/1053. Previous Permutation With One Swap.java,Java/Subarray Sum Closest.java,0.0,0.0,0
Java/275. H-Index II.java,Java/Interval Minimum Number.java,0.0,0.0,0
Java/266. Palindrome Permutation.java,Java/523. Continuous Subarray Sum.java,0.0,0.0,1
Java/HashWithCustomizedClass(LinkedList).java,Java/Count of Smaller Number.java,0.0,0.0,0
Java/295. Find Median from Data Stream.java,Java/One Edit Distance.java,0.0,0.0,0
Java/218. The Skyline Problem.java,Java/340. Longest Substring with At Most K Distinct Characters.java,0.0,0.0,1
Java/1033. Moving Stones Until Consecutive.java,Java/Word Ladder.java,0.0,0.0,0
Java/218. The Skyline Problem.java,Java/410. Split Array Largest Sum.java,0.0,0.0,1
Java/152. Maximum Product Subarray.java,Java/Longest Common Substring.java,0.0,0.0,0
Java/350. Intersection of Two Arrays II.java,Java/Walls and Gates.java,0.0,0.0,1
Java/Backpack V.java,Java/Segment Tree Query II.java,0.0,0.0,0
Java/301. Remove Invalid Parentheses.java,Java/359. Logger Rate Limiter.java,0.0,0.0,1
Java/1043. Partition Array for Maximum Sum.java,Java/125. Valid Palindrome.java,0.0,0.0,1
Java/1267. Count Servers that Communicate.java,Java/[lint]. Compare Strings.java,0.0,0.0,1
Java/689. Maximum Sum of 3 Non-Overlapping Subarrays.java,Java/716. Max Stack.java,0.0,0.0,1
Java/Path Sum III.java,Java/Word Ladder.java,0.0,0.0,0
value-processor/src/org/immutables/value/processor/Processor.java,value-fixture/src/org/immutables/fixture/jdkonly/AllOptionalWithDefaults.java,0.0,0.0,0
Java/304. Range Sum Query 2D - Immutable.java,Java/Rearrange String k Distance Apart.java,0.0,0.0,1
Java/Compare Version Numbers.java,Java/Kth Largest Element in an Array.java,0.0,0.0,1
Java/270. Closest Binary Search Tree Value.java,Java/Rearrange String k Distance Apart.java,0.0,0.0,1
Java/405. Convert a Number to Hexadecimal.java,Java/68. Text Justification.java,0.0,0.0,1
Java/198. House Robber.java,Java/98. Validate Binary Search Tree.java,0.0,0.0,1
value-fixture/src-java-17/org/immutables/fixture/jackson3/OptionIncludeNonEmpty.java,value-processor/src/org/immutables/value/processor/meta/TelescopicBuild.java,0.16666666666666666,0.0,0
Java/1. Two Sum.java,Java/843. Guess the Word.java,0.0,0.0,1
Java/265. Paint House II.java,Java/Best Time to Buy and Sell Stock with Cooldown.java,0.0,0.0,1
Java/1123. Lowest Common Ancestor of Deepest Leaves.java,Java/Design Search Autocomplete System.java,0.0,0.0,1
Java/346. Moving Average from Data Stream.java,Java/Redundant Connection.java,0.0,0.0,1
Java/1041. Robot Bounded In Circle.java,Java/Russian Doll Envelopes.java,0.0,0.0,1
awaitility/src/test/java/org/awaitility/core/ConditionEvaluationLoggerTest.java,awaitility/src/main/java/org/awaitility/core/TerminalFailureException.java,0.0,0.0,0
Java/1021. Remove Outermost Parentheses.java,Java/94. Binary Tree Inorder Traversal.java,0.0,0.0,1
Java/346. Moving Average from Data Stream.java,Java/Interval Sum II.java,0.0,0.0,0
Java/1091. Shortest Path in Binary Matrix.java,Java/Longest Valid Parentheses.java,0.0,0.0,1
Java/843. Guess the Word.java,Java/852. Peak Index in a Mountain Array.java,0.0,0.0,1
Java/741. Cherry Pickup.java,Java/Maximum Subarray II.java,0.0,0.0,0
Java/1216. Valid Palindrome III.java,Java/843. Guess the Word.java,0.0,0.0,1
Java/429. N-ary Tree Level Order Traversal.java,Java/Word Search II.java,0.0,0.0,0
Java/205. Isomorphic Strings.java,Java/K Empty Slots.java,0.0,0.0,1
thread-pool-executor/src/main/java/com/iluwatar/threadpoolexecutor/FrontDeskService.java,backpressure/src/main/java/com/iluwatar/backpressure/App.java,0.0,0.0,0
Java/760. Find Anagram Mappings.java,Java/94. Binary Tree Inorder Traversal.java,0.0,0.0,1
Java/K Empty Slots.java,Java/[lint]. Subarray Sum.java,0.0,0.0,1
value-fixture/src-java-17/org/immutables/fixture/nullable/typeuse/MultipleNullables.java,value-processor/src/org/immutables/value/processor/meta/TypeStringProvider.java,0.0,0.0,0
Java/42. Trapping Rain Water.java,Java/[lint]. 2 Sum II.java,0.0,0.0,1
Java/199. Binary Tree Right Side View.java,Java/Coins in a Line III.java,0.0,0.0,1
Java/308. Range Sum Query 2D - Mutable.java,Java/[tool]. MergeSort.java,0.0,0.0,1
Java/112. Path Sum.java,Java/463. Island Perimeter.java,0.0,0.0,1
Java/Two Sum IV - Input is a BST.java,Java/Longest Increasing Subsequence.java,0.0,0.0,0
Java/237. Delete Node in a Linked List.java,Java/Sliding Window Median.java,0.0,0.0,0
value-fixture/src/org/immutables/fixture/NoParametersSingletonProtectedConstructor.java,value-processor/src/org/immutables/value/processor/meta/Proto.java,0.01818181818181818,0.0,0
Java/102. Binary Tree Level Order Traversal.java,Java/Segment Tree Modify.java,0.0,0.0,0
Java/426. Convert Binary Search Tree to Sorted Doubly Linked List.java,Java/My Calendar I.java,0.0,0.0,1
Java/274.H-Index.java,Java/639. Decode Ways II.java,0.0,0.0,1
Java/236. Lowest Common Ancestor of a Binary Tree.java,Java/Sort Letters by Case.java,0.0,0.0,0
Java/311. Sparse Matrix Multiplication.java,Java/[lint]. HashHeap.java,0.0,0.0,1
Java/1007. Minimum Domino Rotations For Equal Row.java,Java/Number of Airplane in the sky.java,0.0,0.0,0
Java/1091. Shortest Path in Binary Matrix.java,Java/Binary Gap.java,0.0,0.0,1
Java/1094. Car Pooling.java,Java/121. Best Time to Buy and Sell Stock.java,0.0,0.0,1
Java/152. Maximum Product Subarray.java,Java/217. Contains Duplicate.java,0.0,0.0,1
Java/430. Flatten a Multilevel Doubly Linked List.java,Java/Redundant Connection.java,0.0,0.0,1
Java/977. Squares of a Sorted Array.java,Java/Backpack.java,0.0,0.0,0
awaitility/src/main/java/org/awaitility/Awaitility.java,awaitility/src/main/java/org/awaitility/core/ConditionAwaiter.java,0.1875,0.041666666666666664,1
Java/57. Insert Interval.java,Java/Compare Version Numbers.java,0.0,0.0,1
value-processor/test/org/immutables/value/processor/encode/MapperTest.java,value-fixture/src-java-17/org/immutables/fixture/j17/RecordDefaults.java,0.0,0.0,0
Java/28. Implement strStr().java,Java/K Edit Distance.java,0.0,0.0,1
Java/345. Reverse Vowels of a String.java,Java/938. Range Sum of BST.java,0.0,0.0,1
value-fixture/src-java-17/org/immutables/fixture/nullable/typeuse/MultipleNullables.java,value-fixture/src-java-17/org/immutables/fixture/jackson3/Foo.java,0.25,0.0,0
Java/221. Maximal Square.java,Java/686. Repeated String Match.java,0.0,0.0,1
Java/253. Meeting Rooms II.java,Java/98. Validate Binary Search Tree.java,0.0,0.0,1
value-fixture/src/org/immutables/fixture/serial/StructStyle.java,value-fixture/test/org/immutables/fixture/jackson/XmlNonForcePropertyNamesTest.java,0.1,0.0,0
Java/771. Jewels and Stones.java,Java/Swap Bits.java,0.0,0.0,1
Java/1033. Moving Stones Until Consecutive.java,Java/1146. Snapshot Array.java,0.0,0.0,1
Java/760. Find Anagram Mappings.java,Java/Swap Bits.java,0.0,0.0,1
Java/1216. Valid Palindrome III.java,Java/219. Contains Duplicate II.java,0.0,0.0,1
Java/327. Count of Range Sum.java,Java/415. Add Strings.java,0.0,0.0,1
Java/605. Can Place Flowers.java,Java/[lint]. Product of Array Exclude Itself.java,0.0,0.0,1
Java/Strobogrammatic Number II.java,Java/Populating Next Right Pointers in Each Node II.java,0.0,0.0,0
Java/297. Serialize and Deserialize Binary Tree.java,Java/301. Remove Invalid Parentheses.java,0.0,0.0,1
Java/387. First Unique Character in a String.java,Java/Maximal Rectangle.java,0.0,0.0,1
Java/621. Task Scheduler.java,Java/843. Guess the Word.java,0.0,0.0,1
Java/1004. Max Consecutive Ones III.java,Java/Word Ladder II.java,0.0,0.0,0
Java/1091. Shortest Path in Binary Matrix.java,Java/724. Find Pivot Index.java,0.0,0.0,1
Java/The Maze.java,Java/The Spiral Matrix II.java,0.0,0.0,1
Java/23. Merge k Sorted Lists.java,Java/345. Reverse Vowels of a String.java,0.0,0.0,1
Java/110. Balanced Binary Tree.java,Java/140. Word Break II.java,0.0,0.0,1
value-fixture/src/org/immutables/fixture/NoParametersSingletonProtectedConstructor.java,value-fixture/test-java-17/org/immutables/fixture/datatype/DataTest.java,0.0,0.0,0
Java/34. Find First and Last Position of Element in Sorted Array.java,Java/Bus Routes.java,0.0,0.0,1
microservices-idempotent-consumer/src/main/java/com/iluwatar/idempotentconsumer/RequestService.java,backpressure/src/main/java/com/iluwatar/backpressure/Subscriber.java,0.0,0.0,0
Java/1. Two Sum.java,Java/219. Contains Duplicate II.java,0.0,0.0,1
Java/257. Binary Tree Paths.java,Java/557. Reverse Words in a String III.java,0.0,0.0,1
Java/692. Top K Frequent Words.java,"Java/Pow(x, n).java",0.0,0.0,0
Java/308. Range Sum Query 2D - Mutable.java,Java/686. Repeated String Match.java,0.0,0.0,1
value-fixture/test/org/immutables/fixture/nullable/TypeuseAnnotationTest.java,generator/src/org/immutables/generator/PostprocessingMachine.java,0.021739130434782608,0.0,0
Java/Flip Game II.java,Java/Binary Representation.java,0.0,0.0,0
Java/824. Goat Latin.java,Java/Wildcard Matching.java,0.0,0.0,1
Java/359. Logger Rate Limiter.java,Java/410. Split Array Largest Sum.java,0.0,0.0,1
Java/23. Merge k Sorted Lists.java,Java/689. Maximum Sum of 3 Non-Overlapping Subarrays.java,0.0,0.0,1
Java/219. Contains Duplicate II.java,Java/303. Range Sum Query - Immutable.java,0.0,0.0,1
value-fixture/src/org/immutables/fixture/DefaultMoreSpecialCases.java,generator/src/org/immutables/generator/Output.java,0.0,0.0,0
Java/349. Intersection of Two Arrays.java,Java/Minimum Subarray.java,0.0,0.0,0
Java/850. Rectangle Area II.java,Java/Word Squares.java,0.0,0.0,1
Java/636. Exclusive Time of Functions.java,Java/720. Longest Word in Dictionary.java,0.0,0.0,1
Java/849. Maximize Distance to Closest Person.java,Java/Minimum Subarray.java,0.0,0.0,0
Java/114. Flatten Binary Tree to Linked List.java,Java/516. Longest Palindromic Subsequence.java,0.0,0.0,1
Java/206. Reverse Linked List.java,Java/Flatten 2D Vector.java,0.0,0.0,0
Java/Friends Of Appropriate Ages.java,Java/Binary Representation.java,0.0,0.0,0
value-fixture/src/org/immutables/fixture/NoParametersConstructor.java,value-fixture/test/org/immutables/fixture/with/WithAllowNullsMapTest.java,0.0,0.0,0
Java/305. Number of Islands II.java,Java/Frog Jump.java,0.0,0.0,1
Java/Heaters.java,Java/Reverse String.java,0.0,0.0,1
Java/52. N-Queens II.java,Java/Flatten 2D Vector.java,0.0,0.0,0
Java/1216. Valid Palindrome III.java,Java/21. Merge Two Sorted Lists.java,0.0,0.0,1
Java/Queue Reconstruction by Height.java,Java/Sort Letters by Case.java,0.0,0.0,0
Java/767. Reorganize String.java,Java/Walls and Gates.java,0.0,0.0,1
value-annotations/src/org/immutables/value/Value.java,value-processor/src/org/immutables/value/processor/meta/ValueType.java,0.0,0.0,1
Java/986. Interval List Intersections.java,Java/Ones and Zeroes.java,0.0,0.0,1
Java/235. Lowest Common Ancestor of a Binary Search Tree.java,Java/68. Text Justification.java,0.0,0.0,1
Java/68. Text Justification.java,Java/Backpack.java,0.0,0.0,0
value-processor/src/org/immutables/value/processor/meta/TypeStringProvider.java,value-fixture/src-java-17/org/immutables/fixture/j17/RecordStaged.java,0.03571428571428571,0.0,0
Java/1170. Compare Strings by Frequency of the Smallest Character.java,Java/Sliding Puzzle.java,0.0,0.0,1
Java/297. Serialize and Deserialize Binary Tree.java,Java/373. Find K Pairs with Smallest Sums.java,0.0,0.0,1
Java/Maximum Average Subarray I.java,Java/Trapping Rain Water II.java,0.0,0.0,0
Java/149. Max Points on a Line.java,Java/Subarray Sum Closest.java,0.0,0.0,0
Java/1043. Partition Array for Maximum Sum.java,Java/169. Majority Element.java,0.0,0.0,1
Java/71. Simplify Path.java,Java/One Edit Distance.java,0.0,0.0,0
Java/1048. Longest String Chain.java,Java/88. Merge Sorted Array.java,0.0,0.0,1
Java/259. 3Sum Smaller.java,Java/Max Sum of Rectangle No Larger Than K.java,0.0,0.0,1
Java/156. Binary Tree Upside Down.java,Java/235. Lowest Common Ancestor of a Binary Search Tree.java,0.0,0.0,1
Java/136. Single Number.java,Java/Linked List Cycle II.java,0.0,0.0,0
Java/315. Count of Smaller Numbers After Self.java,Java/Populating Next Right Pointers in Each Node II.java,0.0,0.0,0
Java/341. Flatten Nested List Iterator.java,Java/Count of Smaller Number.java,0.0,0.0,0
Java/893. Groups of Special-Equivalent Strings.java,Java/Binary Gap.java,0.0,0.0,1
Java/1026. Maximum Difference Between Node and Ancestor.java,Java/Median of two Sorted Arrays.java,0.0,0.0,0
Java/104. Maximum Depth of Binary Tree.java,Java/771. Jewels and Stones.java,0.0,0.0,1
Java/339. Nested List Weight Sum.java,Java/[lint]. Nth to Last Node in List.java,0.0,0.0,1
Java/237. Delete Node in a Linked List.java,Java/Connecting Graph.java,0.0,0.0,1
GenerateCodeTable.java,Java/493. Reverse Pairs.java,0.0,0.0,1
generator-processor/src/org/immutables/generator/processor/Accessors.java,value-fixture/test/org/immutables/fixture/generatorext/RewriteTest.java,0.0,0.0,0
Java/287. Find the Duplicate Number.java,Java/Shortest Distance from All Buildings.java,0.0,0.0,1
Java/438. Find All Anagrams in a String.java,Java/Compare Version Numbers.java,0.0,0.0,1
Java/1203. Sort Items by Groups Respecting Dependencies.java,Java/261. Graph Valid Tree.java,0.0,0.0,1
Java/322. Coin Change.java,Java/Reshape the Matrix.java,0.0,0.0,1
Java/383. Ransom Note.java,Java/Connecting Graph.java,0.0,0.0,1
Java/112. Path Sum.java,Java/Wildcard Matching.java,0.0,0.0,1
Java/1108. Defanging an IP Address.java,Java/1249. Minimum Remove to Make Valid Parentheses.java,0.0,0.0,1
Java/104. Maximum Depth of Binary Tree.java,Java/239. Sliding Window Maximum.java,0.0,0.0,1
Java/319. Bulb Switcher.java,Java/Sliding Puzzle.java,0.0,0.0,1
Java/234. Palindrome Linked List.java,Java/Path Sum IV.java,0.0,0.0,1
thread-pool-executor/src/test/java/com/iluwatar/threadpoolexecutor/VipGuestCheckInTaskTest.java,backpressure/src/main/java/com/iluwatar/backpressure/Publisher.java,0.0,0.0,0
Java/272. Closest Binary Search Tree Value II.java,Java/5. Longest Palindromic Substring.java,0.0,0.0,1
Java/1060. Missing Element in Sorted Array.java,Java/Longest Common Substring.java,0.0,0.0,0
publish-subscribe/src/main/java/com/iluwatar/publish/subscribe/subscriber/WeatherSubscriber.java,publish-subscribe/src/test/java/com/iluwatar/publish/subscribe/model/TopicTest.java,0.0,0.0,1
Java/[lint]. Heapify.java,Java/Best Time to Buy and Sell Stock III.java,0.0,0.0,0
Java/101. Symmetric Tree.java,Java/893. Groups of Special-Equivalent Strings.java,0.0,0.0,1
Java/42. Trapping Rain Water.java,Java/Add Digits.java,0.0,0.0,1
value-fixture/src-java-17/org/immutables/fixture/jackson3/MinimumAnnotationsMapped.java,value-fixture/test-java-17/org/immutables/fixture/j17/RecordTest.java,0.2,0.0,0
value-processor/src/org/immutables/value/processor/meta/UnshadeJackson3.java,datatype/test/org/immutables/datatype/Dtt.java,0.0,0.0,0
Java/760. Find Anagram Mappings.java,Java/[HackerRank]. Change to Anagram.java,0.0,0.0,1
Java/Missing Number.java,Java/One Edit Distance.java,0.0,0.0,0
Java/Longest Univalue Path.java,Java/Longest Common Substring.java,0.0,0.0,0
Java/Walls and Gates.java,Java/Segment Tree Query II.java,0.0,0.0,0
Java/221. Maximal Square.java,Java/Queue Reconstruction by Height.java,0.0,0.0,1
Java/21. Merge Two Sorted Lists.java,Java/896. Monotonic Array.java,0.0,0.0,1
Java/156. Binary Tree Upside Down.java,Java/304. Range Sum Query 2D - Immutable.java,0.0,0.0,1
Java/Ones and Zeroes.java,Java/Shortest Palindrome.java,0.0,0.0,1
thread-pool-executor/src/test/java/com/iluwatar/threadpoolexecutor/AppTest.java,actor-model/src/main/java/com/iluwatar/actormodel/Actor.java,0.0,0.0,0
Java/20. Valid Parentheses.java,Java/[lint]. Anagrams.java,0.0,0.0,1
Java/686. Repeated String Match.java,Java/Palindrome Pairs.java,0.0,0.0,1
Java/104. Maximum Depth of Binary Tree.java,Java/Best Time to Buy and Sell Stock III.java,0.0,0.0,0
Java/222. Count Complete Tree Nodes.java,Java/[lint]. Segment Tree Query.java,0.0,0.0,1
Java/557. Reverse Words in a String III.java,Java/Binary Representation.java,0.0,0.0,0
Java/297. Serialize and Deserialize Binary Tree.java,Java/Connecting Graph II.java,0.0,0.0,1
Java/345. Reverse Vowels of a String.java,Java/893. Groups of Special-Equivalent Strings.java,0.0,0.0,1
Java/1110. Delete Nodes And Return Forest.java,Java/[lint]. Segment Tree Query.java,0.0,0.0,1
Java/[lint]. Subarray Sum.java,Java/Kth Smallest Element in a Sorted Matrix.java,0.0,0.0,0
Java/Contiguous Array.java,Java/Encode and Decode TinyURL.java,0.0,0.0,1
Java/427. Construct Quad Tree.java,Java/Predict the Winner.java,0.0,0.0,1
Java/173. Binary Search Tree Iterator.java,Java/278. First Bad Version.java,0.0,0.0,1
Java/432. All One Data Structure.java,Java/[lint]. Segment Tree Query.java,0.0,0.0,1
Java/234. Palindrome Linked List.java,Java/[tool]. Hash Function.java,0.0,0.0,1
Java/339. Nested List Weight Sum.java,Java/Longest Valid Parentheses.java,0.0,0.0,1
Java/686. Repeated String Match.java,Java/852. Peak Index in a Mountain Array.java,0.0,0.0,1
Java/299. Bulls and Cows.java,Java/Interval Sum.java,0.0,0.0,0
Java/236. Lowest Common Ancestor of a Binary Tree.java,Java/Target Sum.java,0.0,0.0,1
Java/1041. Robot Bounded In Circle.java,Java/Friends Of Appropriate Ages.java,0.0,0.0,1
Java/253. Meeting Rooms II.java,Java/Design Search Autocomplete System.java,0.0,0.0,1
Java/1. Two Sum.java,Java/[HackerRank]. Change to Anagram.java,0.0,0.0,1
Java/339. Nested List Weight Sum.java,Java/Word Search II.java,0.0,0.0,0
Java/Maximum Vacation Days.java,Java/Longest Common Substring.java,0.0,0.0,0
Java/Connecting Graph.java,Java/Max Sum of Rectangle No Larger Than K.java,0.0,0.0,1
Java/62. Unique Path.java,Java/Redundant Connection.java,0.0,0.0,1
Java/277. Find the Celebrity.java,Java/852. Peak Index in a Mountain Array.java,0.0,0.0,1
Java/1219. Path with Maximum Gold.java,Java/56. Merge Intervals.java,0.0,0.0,1
value-processor/src/org/immutables/value/processor/encode/SourceStructureGet.java,value-fixture/src/org/immutables/fixture/CheckWithPlainConstructor.java,0.0,0.0,0
Java/1146. Snapshot Array.java,Java/Shortest Distance from All Buildings.java,0.0,0.0,1
clean-architecture/src/main/java/com/iluwatar/cleanarchitecture/Cart.java,publish-subscribe/src/main/java/com/iluwatar/publish/subscribe/App.java,0.0,0.0,0
Java/427. Construct Quad Tree.java,Java/850. Rectangle Area II.java,0.0,0.0,1
Java/796. Rotate String.java,Java/Longest Increasing Subsequence.java,0.0,0.0,0
Java/727. Minimum Window Subsequence.java,Java/Longest Univalue Path.java,0.0,0.0,1
publish-subscribe/src/test/java/com/iluwatar/publish/subscribe/AppTest.java,backpressure/src/test/java/com/iluwatar/backpressure/AppTest.java,1.0,1.0,0
Java/383. Ransom Note.java,Java/64. Minimum Path Sum.java,0.0,0.0,1
Java/1203. Sort Items by Groups Respecting Dependencies.java,Java/Kth Largest Element in an Array.java,0.0,0.0,1
Java/238. Product of Array Except Self.java,Java/88. Merge Sorted Array.java,0.0,0.0,1
Java/414. Third Maximum Number.java,Java/Contiguous Array.java,0.0,0.0,1
Java/1091. Shortest Path in Binary Matrix.java,Java/Path Sum III.java,0.0,0.0,1
Java/157. Read N Characters Given Read4.java,Java/78. Subsets.java,0.0,0.0,1
Java/Reshape the Matrix.java,Java/[tool] Quick Select - Median.java,0.0,0.0,1
Java/98. Validate Binary Search Tree.java,Java/The Maze.java,0.0,0.0,1
Java/1040. Moving Stones Until Consecutive II.java,Java/Strobogrammatic Number II.java,0.0,0.0,0
Java/387. First Unique Character in a String.java,Java/689. Maximum Sum of 3 Non-Overlapping Subarrays.java,0.0,0.0,1
Java/222. Count Complete Tree Nodes.java,Java/561. Array Partition I.java,0.0,0.0,1
Java/245. Shortest Word Distance III.java,Java/Redundant Connection II.java,0.0,0.0,1
Java/Wildcard Matching.java,Java/Longest Increasing Subsequence.java,0.0,0.0,0
Java/1197. Minimum Knight Moves.java,Java/Next Closest Time.java,0.0,0.0,1
Java/843. Guess the Word.java,Java/Merge Two Binary Trees.java,0.0,0.0,1
Java/Guess Number Higher or Lower.java,Java/k Sum.java,0.0,0.0,1
Java/Robot Room Cleaner.java,Java/Subarray Sum Closest.java,0.0,0.0,0
Java/[tool]. UnionFind.java,Java/Minimum Size Subarray Sum.java,0.0,0.0,0
generator/src/org/immutables/generator/PostprocessingMachine.java,value-fixture/src/org/immutables/fixture/builder/from/HugeParentTwo.java,0.0,0.0,0
Java/Best Time to Buy and Sell Stock with Cooldown.java,Java/Sort Colors II.java,0.0,0.0,0
Java/314. Binary Tree Vertical Order Traversal.java,Java/Minimum Subarray.java,0.0,0.0,0
Java/1007. Minimum Domino Rotations For Equal Row.java,Java/Kth Smallest Element in a Sorted Matrix.java,0.0,0.0,0
Java/1040. Moving Stones Until Consecutive II.java,Java/1048. Longest String Chain.java,0.0,0.0,1
Java/243. Shortest Word Distance.java,Java/26.Remove Duplicates from Sorted Array.java,0.0,0.0,1
Java/277. Find the Celebrity.java,Java/278. First Bad Version.java,0.0,0.0,1
Java/796. Rotate String.java,Java/9. Palindrome Number.java,0.0,0.0,1
Java/133. Clone Graph.java,Java/205. Isomorphic Strings.java,0.0,0.0,1
Java/716. Max Stack.java,Java/Swap Bits.java,0.0,0.0,1
Java/208. Implement Trie (Prefix Tree).java,Java/Largest Number.java,0.0,0.0,0
Java/206. Reverse Linked List.java,Java/698. Partition to K Equal Sum Subsets.java,0.0,0.0,1
Java/112. Path Sum.java,Java/49. Group Anagrams.java,0.0,0.0,1
Java/124. Binary Tree Maximum Path Sum.java,Java/518. Coin Change 2.java,0.0,0.0,1
Java/88. Merge Sorted Array.java,Java/Heaters.java,0.0,0.0,1
Java/387. First Unique Character in a String.java,Java/[lint]. Anagrams.java,0.0,0.0,1
Java/1108. Defanging an IP Address.java,Java/Maximal Rectangle.java,0.0,0.0,1
Java/134. Gas Station.java,Java/Sort Colors.java,0.0,0.0,0
Java/361. Bomb Enemy.java,Java/414. Third Maximum Number.java,0.0,0.0,1
Java/Jump Game II.java,Java/Flip Game II.java,0.0,0.0,0
Java/359. Logger Rate Limiter.java,Java/Best Time to Buy and Sell Stock with Transaction Fee.java,0.0,0.0,1
Java/1161. Maximum Level Sum of a Binary Tree.java,Java/893. Groups of Special-Equivalent Strings.java,0.0,0.0,1
Java/140. Word Break II.java,Java/Number of Digit One.java,0.0,0.0,1
Java/716. Max Stack.java,Java/[tool]. Topological Sorting.java,0.0,0.0,1
Java/199. Binary Tree Right Side View.java,Java/Walls and Gates.java,0.0,0.0,1
Java/938. Range Sum of BST.java,Java/Subarray Sum Closest.java,0.0,0.0,0
Java/387. First Unique Character in a String.java,Java/Guess Number Higher or Lower.java,0.0,0.0,1
Java/680. Valid Palindrome II.java,Java/[lint]. Product of Array Exclude Itself.java,0.0,0.0,1
Java/293. Flip Game.java,Java/K Empty Slots.java,0.0,0.0,1
Java/269. Alien Dictionary.java,Java/70. Climbing Stairs.java,0.0,0.0,1
Java/Binary Tree Longest Consecutive Sequence II.java,Java/Maximum Average Subarray I.java,0.0,0.0,1
Java/[tool]. UnionFind.java,Java/Sort List.java,0.0,0.0,0
thread-pool-executor/src/main/java/com/iluwatar/threadpoolexecutor/FrontDeskService.java,session-facade/src/test/java/com/iluwatar/sessionfacade/PaymentServiceTest.java,0.0,0.0,0
Java/745. Prefix and Suffix Search.java,Java/Predict the Winner.java,0.0,0.0,1
value-fixture/test-java-17/org/immutables/fixture/jackson3/ObjectMappedTest.java,value-fixture/test/org/immutables/fixture/generatorext/RewriteTest.java,0.1111111111111111,0.0,0
Java/131. Palindrome Partitioning.java,Java/Sliding Puzzle.java,0.0,0.0,1
Java/139. Word Break.java,Java/721. Accounts Merge.java,0.0,0.0,1
Java/1153. String Transforms Into Another String.java,Java/265. Paint House II.java,0.0,0.0,1
Java/Path Sum III.java,Java/Queue Reconstruction by Height.java,0.0,0.0,1
value-processor/src/org/immutables/value/processor/meta/ValueMirrors.java,value-fixture/src-java-17/org/immutables/fixture/j17/EnclosedStaged.java,0.0,0.0,0
Java/145. Binary Tree Postorder Traversal.java,Java/741. Cherry Pickup.java,0.0,0.0,1
Java/Reverse String.java,Java/[lint]. Nth to Last Node in List.java,0.0,0.0,1
Java/689. Maximum Sum of 3 Non-Overlapping Subarrays.java,Java/Scramble String.java,0.0,0.0,1
Java/102. Binary Tree Level Order Traversal.java,Java/[lint]. Merge k Sorted Arrays.java,0.0,0.0,1
Java/Max Area of Island.java,Java/Number of Airplane in the sky.java,0.0,0.0,0
Java/110. Balanced Binary Tree.java,"Java/Pow(x, n).java",0.0,0.0,0
Java/1007. Minimum Domino Rotations For Equal Row.java,Java/727. Minimum Window Subsequence.java,0.0,0.0,1
Java/741. Cherry Pickup.java,Java/Segment Tree Query II.java,0.0,0.0,0
Java/101. Symmetric Tree.java,Java/72. Edit Distance.java,0.0,0.0,1
Java/19. Remove Nth Node From End of List.java,Java/Minimum Size Subarray Sum.java,0.0,0.0,0
Java/158. Read N Characters Given Read4 II - Call multiple times.java,Java/361. Bomb Enemy.java,0.0,0.0,1
value-fixture/test/org/immutables/fixture/modifiable/ModifiablesTest.java,generator/src/org/immutables/extgenerator/GeneratedImportsModifier.java,0.0,0.0,0
Java/632. Smallest Range Covering Elements from K Lists.java,Java/Binary Gap.java,0.0,0.0,1
Java/Next Closest Time.java,Java/Interval Sum II.java,0.0,0.0,0
value-fixture/src/nonimmutables/ParentAnnotation.java,generator/src/org/immutables/generator/ImportRewriter.java,0.0,0.0,0
Java/Redundant Connection II.java,Java/4Sum.java,0.0,0.0,0
Java/136. Single Number.java,Java/Backspace String Compare.java,0.0,0.0,1
Java/408. Valid Word Abbreviation.java,Java/[lint]. HashHeap.java,0.0,0.0,1
Java/605. Can Place Flowers.java,Java/[lint]. Anagrams.java,0.0,0.0,1
Java/198. House Robber.java,Java/235. Lowest Common Ancestor of a Binary Search Tree.java,0.0,0.0,1
Java/68. Text Justification.java,Java/Sort List.java,0.0,0.0,0
Java/269. Alien Dictionary.java,Java/[tool]. Hash Function.java,0.0,0.0,1
Java/977. Squares of a Sorted Array.java,Java/[lint]. Lowest Common Ancestor II.java,0.0,0.0,1
Java/78. Subsets.java,Java/Backpack V.java,0.0,0.0,1
Java/8. String to Integer (atoi).java,Java/Longest Common Substring.java,0.0,0.0,0
Java/121. Best Time to Buy and Sell Stock.java,Java/Kth Smallest Element in a Sorted Matrix.java,0.0,0.0,0
Java/272. Closest Binary Search Tree Value II.java,Java/692. Top K Frequent Words.java,0.0,0.0,1
clean-architecture/src/main/java/com/iluwatar/cleanarchitecture/OrderRepository.java,function-composition/src/main/java/com/iluwatar/function/composition/App.java,0.0,0.0,0
Java/Convert Sorted Array to Binary Search Tree.java,Java/Maximum XOR of Two Numbers in an Array.java,0.0,0.0,1
Java/112. Path Sum.java,Java/716. Max Stack.java,0.0,0.0,1
Java/1170. Compare Strings by Frequency of the Smallest Character.java,Java/Jump Game II.java,0.0,0.0,1
Java/Number Of Corner Rectangles.java,Java/Sort Letters by Case.java,0.0,0.0,0
Java/383. Ransom Note.java,Java/Minimum Subarray.java,0.0,0.0,0
Java/Convert Sorted Array to Binary Search Tree.java,Java/Merge Two Binary Trees.java,0.0,0.0,1
Java/142. Linked List Cycle II.java,Java/269. Alien Dictionary.java,0.0,0.0,1
Java/686. Repeated String Match.java,Java/Minimum Size Subarray Sum.java,0.0,0.0,0
Java/204. Count Primes.java,Java/350. Intersection of Two Arrays II.java,0.0,0.0,1
Java/Combination Sum IV.java,Java/Largest Number.java,0.0,0.0,0
Java/341. Flatten Nested List Iterator.java,Java/347. Top K Frequent Elements.java,0.0,0.0,1
Java/111. Minimum Depth of Binary Tree.java,Java/272. Closest Binary Search Tree Value II.java,0.0,0.0,1
Java/159. Longest Substring with At Most Two Distinct Characters.java,Java/Add Digits.java,0.0,0.0,1
Java/145. Binary Tree Postorder Traversal.java,Java/Counting Bits.java,0.0,0.0,1
Java/15. 3Sum.java,Java/448. Find All Numbers Disappeared in an Array.java,0.0,0.0,1
Java/698. Partition to K Equal Sum Subsets.java,Java/Binary Tree Longest Consecutive Sequence II.java,0.0,0.0,1
Java/131. Palindrome Partitioning.java,Java/340. Longest Substring with At Most K Distinct Characters.java,0.0,0.0,1
Java/639. Decode Ways II.java,Java/98. Validate Binary Search Tree.java,0.0,0.0,1
Java/408. Valid Word Abbreviation.java,Java/[tool]. UnionFind.java,0.0,0.0,1
Java/Copy Books.java,Java/Flatten 2D Vector.java,0.0,0.0,0
Java/Bricks Falling When Hit.java,Java/Longest Increasing Subsequence.java,0.0,0.0,0
Java/1110. Delete Nodes And Return Forest.java,Java/One Edit Distance.java,0.0,0.0,0
Java/Flood Fill.java,Java/Sliding Puzzle.java,0.0,0.0,1
Java/236. Lowest Common Ancestor of a Binary Tree.java,Java/283. Move Zeroes.java,0.0,0.0,1
Java/22. Generate Parentheses.java,Java/Add Digits.java,0.0,0.0,1
Java/210. Course Schedule II.java,Java/523. Continuous Subarray Sum.java,0.0,0.0,1
Java/1110. Delete Nodes And Return Forest.java,Java/4Sum.java,0.0,0.0,0
Java/158. Read N Characters Given Read4 II - Call multiple times.java,Java/Palindromic Substrings.java,0.0,0.0,1
Java/64. Minimum Path Sum.java,Java/Sort List.java,0.0,0.0,0
Java/Subarray Sum II.java,Java/Minimum Size Subarray Sum.java,0.0,0.0,0
Java/327. Count of Range Sum.java,Java/Word Ladder II.java,0.0,0.0,0
Java/1170. Compare Strings by Frequency of the Smallest Character.java,Java/261. Graph Valid Tree.java,0.0,0.0,1
Java/140. Word Break II.java,Java/K Empty Slots.java,0.0,0.0,1
Java/12. Integer to Roman.java,Java/557. Reverse Words in a String III.java,0.0,0.0,1
thread-pool-executor/src/main/java/com/iluwatar/threadpoolexecutor/FrontDeskService.java,publish-subscribe/src/main/java/com/iluwatar/publish/subscribe/subscriber/Subscriber.java,0.0,0.0,0
value-fixture/src/org/immutables/fixture/generatorext/Objects.java,value-fixture/src/org/immutables/fixture/builder/from/HugeParentTwo.java,0.0,0.0,0
Java/315. Count of Smaller Numbers After Self.java,Java/410. Split Array Largest Sum.java,0.0,0.0,1
Java/65. Valid Number.java,Java/844. Backspace String Compare.java,0.0,0.0,1
Java/1. Two Sum.java,Java/Max Area of Island.java,0.0,0.0,1
serial/src/org/immutables/serial/Serial.java,value-fixture/src/org/immutables/fixture/DefaultMoreSpecialCases.java,0.0,0.0,0
Java/Maximal Rectangle.java,Java/[lint]. 2 Sum II.java,0.0,0.0,1
Java/361. Bomb Enemy.java,Java/727. Minimum Window Subsequence.java,0.0,0.0,1
Java/1108. Defanging an IP Address.java,Java/Submatrix Sum.java,0.0,0.0,1
Java/242. Valid Anagram.java,Java/893. Groups of Special-Equivalent Strings.java,0.0,0.0,1
Java/134. Gas Station.java,Java/[HackerRank]. Change to Anagram.java,0.0,0.0,1
Java/1117. Building H2O.java,Java/68. Text Justification.java,0.0,0.0,1
Java/217. Contains Duplicate.java,Java/[lint]. 3 Sum Closest.java,0.0,0.0,1
Java/125. Valid Palindrome.java,Java/Subarray Sum II.java,0.0,0.0,1
Java/Walls and Gates.java,Java/[HackerRank]. Change to Anagram.java,0.0,0.0,1
Java/26.Remove Duplicates from Sorted Array.java,Java/Russian Doll Envelopes.java,0.0,0.0,1
value-fixture/src/org/immutables/fixture/AllDefaultsSafeUnsafe.java,datatype/src/org/immutables/datatype/Datatype.java,0.0,0.0,0
value-fixture/src/org/immutables/fixture/builder/from/HugeParentTwo.java,value-fixture/src-java-17/org/immutables/fixture/j17/ExtBilly.java,0.0,0.0,0
Java/367. Valid Perfect Square.java,Java/Two Sum II - Input array is sorted.java,0.0,0.0,0
Java/1057. Campus Bikes.java,Java/Trim a Binary Search Tree.java,0.0,0.0,1
Java/198. House Robber.java,Java/Number Of Corner Rectangles.java,0.0,0.0,1
Java/632. Smallest Range Covering Elements from K Lists.java,Java/69. Sqrt(x).java,0.0,0.0,1
Java/215. Kth Largest Element in an Array.java,Java/Bus Routes.java,0.0,0.0,1
publish-subscribe/src/test/java/com/iluwatar/publish/subscribe/AppTest.java,backpressure/src/main/java/com/iluwatar/backpressure/Subscriber.java,0.0,0.0,0
Java/674. Longest Continuous Increasing Subsequence.java,Java/Subsets II.java,0.0,0.0,0
Java/Best Time to Buy and Sell Stock with Transaction Fee.java,Java/Segment Tree Query II.java,0.0,0.0,0
Java/449. Serialize and Deserialize BST.java,Java/The Spiral Matrix II.java,0.0,0.0,1
Java/215. Kth Largest Element in an Array.java,Java/680. Valid Palindrome II.java,0.0,0.0,1
Java/121. Best Time to Buy and Sell Stock.java,Java/Connecting Graph.java,0.0,0.0,1
Java/Brick Wall.java,Java/[lint]. Segment Tree Query.java,0.0,0.0,1
Java/33. Search in Rotated Sorted Array.java,Java/567. Permutation in String.java,0.0,0.0,1
Java/Cracking the Safe.java,Java/Maximum Average Subarray I.java,0.0,0.0,1
Java/[tool]. MergeSort.java,Java/Maximum Subarray II.java,0.0,0.0,0
Java/523. Continuous Subarray Sum.java,Java/Smallest Subtree with all the Deepest Nodes.java,0.0,0.0,1
Java/42. Trapping Rain Water.java,Java/Queue Reconstruction by Height.java,0.0,0.0,1
Java/198. House Robber.java,Java/252. Meeting Rooms.java,0.0,0.0,1
Java/449. Serialize and Deserialize BST.java,Java/Russian Doll Envelopes.java,0.0,0.0,1
Java/256. Paint House.java,Java/674. Longest Continuous Increasing Subsequence.java,0.0,0.0,1
thread-pool-executor/src/main/java/com/iluwatar/threadpoolexecutor/GuestCheckInTask.java,clean-architecture/src/main/java/com/iluwatar/cleanarchitecture/OrderController.java,0.0,0.0,0
Java/621. Task Scheduler.java,Java/4Sum.java,0.0,0.0,0
value-fixture/src-java-17/org/immutables/fixture/j17/PersonRecord.java,value-fixture/src/nonimmutables/ParentAnnotation.java,0.0,0.0,0
Java/34. Find First and Last Position of Element in Sorted Array.java,Java/Sliding Window Median.java,0.0,0.0,0
Java/1094. Car Pooling.java,Java/110. Balanced Binary Tree.java,0.0,0.0,1
Java/253. Meeting Rooms II.java,Java/332. Reconstruct Itinerary.java,0.0,0.0,1
Java/122. Best Time to Buy and Sell Stock II.java,Java/[tool]. UnionFind.java,0.0,0.0,1
Java/10. Regular Expression Matching.java,Java/My Calendar I.java,0.0,0.0,1
Java/122. Best Time to Buy and Sell Stock II.java,Java/Trapping Rain Water II.java,0.0,0.0,0
Java/414. Third Maximum Number.java,Java/Longest Univalue Path.java,0.0,0.0,1
Java/438. Find All Anagrams in a String.java,Java/Backpack III.java,0.0,0.0,1
value-fixture/src-java-17/org/immutables/fixture/nullable/typeuse/MultipleNullables.java,data/src/org/immutables/data/Data.java,0.0,0.0,0
Java/102. Binary Tree Level Order Traversal.java,Java/Interval Sum.java,0.0,0.0,0
Java/1094. Car Pooling.java,Java/560. Subarray Sum Equals K.java,0.0,0.0,1
value-fixture/test/org/immutables/fixture/generatorext/RewriteTest.java,datatype/src/org/immutables/datatype/Datatype.java,0.0,0.0,0
Java/Copy Books.java,Java/Longest Substring Without Repeating Characters.java,0.0,0.0,0
Java/Add Digits.java,Java/Minimum Size Subarray Sum.java,0.0,0.0,0
Java/295. Find Median from Data Stream.java,Java/432. All One Data Structure.java,0.0,0.0,1
Java/1004. Max Consecutive Ones III.java,Java/Word Squares.java,0.0,0.0,1
Java/Friends Of Appropriate Ages.java,Java/Number Of Corner Rectangles.java,0.0,0.0,1
Java/252. Meeting Rooms.java,Java/Sliding Window Median.java,0.0,0.0,0
Java/146. LRU Cache.java,Java/Linked List Cycle II.java,0.0,0.0,0
value-fixture/src/org/immutables/fixture/custann/CustomizedUsingArg.java,value-fixture/src/org/immutables/fixture/with/WithAllowsNullMap.java,0.0,0.0,0
Java/198. House Robber.java,Java/Largest Number.java,0.0,0.0,0
Java/125. Valid Palindrome.java,Java/Shortest Distance from All Buildings.java,0.0,0.0,1
Java/208. Implement Trie (Prefix Tree).java,Java/Subtree of Another Tree.java,0.0,0.0,1
Java/1094. Car Pooling.java,Java/K Edit Distance.java,0.0,0.0,1
Java/Subtree of Another Tree.java,Java/Segment Tree Modify.java,0.0,0.0,0
Java/Longest Increasing Path in a Matrix.java,Java/Smallest Subtree with all the Deepest Nodes.java,0.0,0.0,1
Java/332. Reconstruct Itinerary.java,Java/83. Remove Duplicates from Sorted List.java,0.0,0.0,1
Java/493. Reverse Pairs.java,Java/Word Ladder II.java,0.0,0.0,0
Java/1219. Path with Maximum Gold.java,Java/151. Reverse Words in a String.java,0.0,0.0,1
Java/1091. Shortest Path in Binary Matrix.java,Java/875. Koko Eating Bananas.java,0.0,0.0,1
Java/509. Fibonacci Number.java,Java/639. Decode Ways II.java,0.0,0.0,1
Java/322. Coin Change.java,Java/The Maze III.java,0.0,0.0,1
Java/509. Fibonacci Number.java,Java/Zigzag Iterator.java,0.0,0.0,0
Java/402. Remove K Digits.java,Java/516. Longest Palindromic Subsequence.java,0.0,0.0,1
Java/76. Minimum Window Substring.java,Java/Sort Letters by Case.java,0.0,0.0,0
Java/26.Remove Duplicates from Sorted Array.java,Java/Shortest Distance from All Buildings.java,0.0,0.0,1
Java/1219. Path with Maximum Gold.java,Java/242. Valid Anagram.java,0.0,0.0,1
Java/208. Implement Trie (Prefix Tree).java,Java/Merge Two Binary Trees.java,0.0,0.0,1
Java/49. Group Anagrams.java,Java/K Empty Slots.java,0.0,0.0,1
Java/211. Add and Search Word - Data structure design.java,Java/Maximum Size Subarray Sum Equals k.java,0.0,0.0,1
Java/Brick Wall.java,Java/Heaters.java,0.0,0.0,1
Java/1153. String Transforms Into Another String.java,Java/67. Add Binary.java,0.0,0.0,1
Java/[lint]. Segment Tree Query.java,Java/Populating Next Right Pointers in Each Node II.java,0.0,0.0,0
Java/698. Partition to K Equal Sum Subsets.java,Java/[lint]. Subarray Sum.java,0.0,0.0,1
Java/149. Max Points on a Line.java,Java/One Edit Distance.java,0.0,0.0,0
Java/156. Binary Tree Upside Down.java,Java/46. Permutations.java,0.0,0.0,1
Java/160. Intersection of Two Linked Lists.java,Java/Submatrix Sum.java,0.0,0.0,1
Java/236. Lowest Common Ancestor of a Binary Tree.java,Java/Subarray Sum Closest.java,0.0,0.0,0
Java/314. Binary Tree Vertical Order Traversal.java,Java/Missing Number.java,0.0,0.0,1
Java/103. Binary Tree Zigzag Level Order Traversal.java,Java/1041. Robot Bounded In Circle.java,0.0,0.0,1
Java/402. Remove K Digits.java,Java/427. Construct Quad Tree.java,0.0,0.0,1
Java/767. Reorganize String.java,Java/Palindrome Pairs.java,0.0,0.0,1
Java/65. Valid Number.java,Java/Remove Duplicate Letters.java,0.0,0.0,1
Java/432. All One Data Structure.java,Java/51. N-Queens.java,0.0,0.0,1
Java/Coins in a Line II.java,Java/Flood Fill.java,0.0,0.0,1
Java/157. Read N Characters Given Read4.java,Java/The Spiral Matrix II.java,0.0,0.0,1
actor-model/src/test/java/com/iluwatar/actor/ActorModelTest.java,publish-subscribe/src/test/java/com/iluwatar/publish/subscribe/publisher/PublisherTest.java,0.1,0.0,0
Java/278. First Bad Version.java,Java/Max Sum of Rectangle No Larger Than K.java,0.0,0.0,1
Java/938. Range Sum of BST.java,Java/Hamming Distance.java,0.0,0.0,1
datatype/test/org/immutables/datatype/MetaModel.java,value-processor/src/org/immutables/value/processor/meta/ValueTypeComposer.java,0.0,0.0,0
Java/698. Partition to K Equal Sum Subsets.java,Java/Jump Game II.java,0.0,0.0,1
Java/977. Squares of a Sorted Array.java,Java/Convert Binary Search Tree to Sorted Doubly Linked List (extra space).java,0.0,0.0,0
Java/1040. Moving Stones Until Consecutive II.java,Java/380. Insert Delete GetRandom O(1).java,0.0,0.0,1
Java/1041. Robot Bounded In Circle.java,Java/Interval Minimum Number.java,0.0,0.0,0
Java/429. N-ary Tree Level Order Traversal.java,Java/[lint]. Merge k Sorted Arrays.java,0.0,0.0,1
Java/215. Kth Largest Element in an Array.java,Java/Robot Room Cleaner.java,0.0,0.0,1
Java/Reshape the Matrix.java,Java/Number of Airplane in the sky.java,0.0,0.0,0
Java/234. Palindrome Linked List.java,Java/Bus Routes.java,0.0,0.0,1
value-processor/src/org/immutables/value/processor/meta/ValueMirrors.java,value-processor/src/org/immutables/value/processor/meta/ValueType.java,0.017857142857142856,0.0,1
Java/199. Binary Tree Right Side View.java,Java/Backpack.java,0.0,0.0,0
Java/345. Reverse Vowels of a String.java,Java/Two Sum II - Input array is sorted.java,0.0,0.0,0
Java/8. String to Integer (atoi).java,Java/Sort Colors II.java,0.0,0.0,0
Java/206. Reverse Linked List.java,Java/219. Contains Duplicate II.java,0.0,0.0,1
Java/Shuffle an Array.java,Java/Inorder Successor in BST.java,0.0,0.0,0
Java/1007. Minimum Domino Rotations For Equal Row.java,Java/[lint]. 2 Sum II.java,0.0,0.0,1
Java/1106. Parsing A Boolean Expression.java,Java/[tool] Quick Select - Median.java,0.0,0.0,1
Java/Submatrix Sum.java,Java/Interval Sum.java,0.0,0.0,0
Java/39. Combination Sum.java,Java/427. Construct Quad Tree.java,0.0,0.0,1
Java/72. Edit Distance.java,Java/Best Time to Buy and Sell Stock III.java,0.0,0.0,0
Java/245. Shortest Word Distance III.java,Java/Word Ladder.java,0.0,0.0,0
Java/Submatrix Sum.java,Java/Segment Tree Modify.java,0.0,0.0,0
Java/238. Product of Array Except Self.java,Java/438. Find All Anagrams in a String.java,0.0,0.0,1
Java/402. Remove K Digits.java,Java/Find the Weak Connected Component in the Directed Graph.java,0.0,0.0,0
Java/301. Remove Invalid Parentheses.java,Java/Max Sum of Rectangle No Larger Than K.java,0.0,0.0,1
Java/Friends Of Appropriate Ages.java,Java/Predict the Winner.java,0.0,0.0,1
GenerateCodeTable.java,Java/Connecting Graph II.java,0.0,0.0,1
value-fixture/src/nonimmutables/_underscore/SomeUnderscored.java,value-fixture/src-java-17/RecInUnnamed.java,0.25,0.0,0
Java/850. Rectangle Area II.java,Java/Linked List Cycle II.java,0.0,0.0,0
Java/58. Length of Last Word.java,Java/Flip Game II.java,0.0,0.0,0
Java/427. Construct Quad Tree.java,Java/438. Find All Anagrams in a String.java,0.0,0.0,1
datatype/test/org/immutables/datatype/Dtt.java,value-fixture/src-java-17/org/immutables/fixture/datatype/SomeTypes.java,0.09090909090909091,0.0,1
Java/369. Plus One Linked List.java,Java/Number of Connected Components in an Undirected Graph.java,0.0,0.0,1
Java/256. Paint House.java,Java/261. Graph Valid Tree.java,0.0,0.0,1
Java/1153. String Transforms Into Another String.java,Java/314. Binary Tree Vertical Order Traversal.java,0.0,0.0,1
service-stub/src/test/java/com/iluwatar/servicestub/AppTest.java,clean-architecture/src/main/java/com/iluwatar/cleanarchitecture/package-info.java,0.0,0.0,0
Java/560. Subarray Sum Equals K.java,Java/875. Koko Eating Bananas.java,0.0,0.0,1
Java/463. Island Perimeter.java,Java/Remove Duplicate Letters.java,0.0,0.0,1
clean-architecture/src/test/java/com/iluwatar/cleanarchitecture/CartControllerTest.java,backpressure/src/test/java/com/iluwatar/backpressure/SubscriberTest.java,0.25,0.0,0
Java/1267. Count Servers that Communicate.java,Java/31. Next Permutation.java,0.0,0.0,1
Java/203. Remove Linked List Elements.java,Java/Group Shifted Strings.java,0.0,0.0,0
Java/319. Bulb Switcher.java,Java/Compare Version Numbers.java,0.0,0.0,1
Java/427. Construct Quad Tree.java,Java/Next Closest Time.java,0.0,0.0,1
Java/665. Non-decreasing Array.java,Java/Power of Two.java,0.0,0.0,1
Java/Convert Sorted Array to Binary Search Tree.java,Java/[lint]. Longest Words.java,0.0,0.0,1
datatype/test/org/immutables/datatype/MetaModel.java,value-fixture/src/org/immutables/fixture/AllDefaultsSafeUnsafe.java,0.0,0.0,0
clean-architecture/src/main/java/com/iluwatar/cleanarchitecture/CartRepository.java,clean-architecture/src/test/java/com/iluwatar/cleanarchitecture/AppTest.java,0.0,0.0,1
Java/5. Longest Palindromic Substring.java,Java/767. Reorganize String.java,0.0,0.0,1
Java/138. Copy List with Random Pointer.java,Java/345. Reverse Vowels of a String.java,0.0,0.0,1
Java/Counting Bits.java,Java/Minimum Swaps To Make Sequences Increasing.java,0.0,0.0,1
Java/78. Subsets.java,Java/Find the Weak Connected Component in the Directed Graph.java,0.0,0.0,0
Java/408. Valid Word Abbreviation.java,Java/[lint]. Lowest Common Ancestor II.java,0.0,0.0,1
Java/Brick Wall.java,Java/Contiguous Array.java,0.0,0.0,1
Java/68. Text Justification.java,Java/715. Range Module.java,0.0,0.0,1
Java/151. Reverse Words in a String.java,Java/Backspace String Compare.java,0.0,0.0,1
value-fixture/src-java-17/org/immutables/fixture/jackson3/Foo.java,value-fixture/src-java-17/org/immutables/fixture/j17/RecUseNotYetGen.java,0.25,0.0,0
Java/1213. Intersection of Three Sorted Arrays.java,Java/430. Flatten a Multilevel Doubly Linked List.java,0.0,0.0,1
Java/Recover Binary Search Tree.java,Java/Sort List.java,0.0,0.0,0
Java/518. Coin Change 2.java,Java/Find the Weak Connected Component in the Directed Graph.java,0.0,0.0,0
actor-model/src/main/java/com/iluwatar/actormodel/App.java,clean-architecture/src/main/java/com/iluwatar/cleanarchitecture/Order.java,0.0,0.0,0
value-fixture/test/org/immutables/fixture/ValuesTest.java,value-fixture/src/nonimmutables/SelfApplyingAnnotation.java,0.043478260869565216,0.0,0
Java/739. Daily Temperatures.java,Java/Subarray Sum Closest.java,0.0,0.0,0
Java/383. Ransom Note.java,Java/Maximum Average Subarray I.java,0.0,0.0,1
Java/350. Intersection of Two Arrays II.java,Java/665. Non-decreasing Array.java,0.0,0.0,1
Java/169. Majority Element.java,Java/[lint]. Anagrams.java,0.0,0.0,1
Java/218. The Skyline Problem.java,Java/65. Valid Number.java,0.0,0.0,1
Java/Find the Weak Connected Component in the Directed Graph.java,Java/Longest Common Subsequence.java,0.0,0.0,0
value-fixture/test/org/immutables/fixture/marshal/Marshaling.java,value-fixture/test/org/immutables/fixture/generatorext/RewriteTest.java,0.0,0.0,0
Java/852. Peak Index in a Mountain Array.java,Java/Connecting Graph II.java,0.0,0.0,1
Java/297. Serialize and Deserialize Binary Tree.java,Java/416. Partition Equal Subset Sum.java,0.0,0.0,1
Java/Maximum XOR of Two Numbers in an Array.java,Java/[lint]. Unique Characters.java,0.0,0.0,1
Java/1057. Campus Bikes.java,Java/485. Max Consecutive Ones.java,0.0,0.0,1
value-fixture/src-java-17/org/immutables/fixture/jackson3/OptionIncludeNonEmpty.java,value-fixture/test/org/immutables/fixture/serial/SerialTest.java,0.0,0.0,0
Java/Merge Two Binary Trees.java,Java/Minimum Size Subarray Sum.java,0.0,0.0,0
Java/297. Serialize and Deserialize Binary Tree.java,Java/Number of Connected Components in an Undirected Graph.java,0.0,0.0,1
value-fixture/test/org/immutables/fixture/serial/SerialTest.java,data/src/org/immutables/data/Data.java,0.0,0.0,0
Java/347. Top K Frequent Elements.java,Java/Add Digits.java,0.0,0.0,1
Java/119. Pascal's Triangle II.java,Java/739. Daily Temperatures.java,0.0,0.0,1
Java/443. String Compression.java,Java/Longest Common Subsequence.java,0.0,0.0,0
Java/217. Contains Duplicate.java,Java/Count of Smaller Number.java,0.0,0.0,0
Java/1094. Car Pooling.java,Java/1203. Sort Items by Groups Respecting Dependencies.java,0.0,0.0,1
value-fixture/src/org/immutables/fixture/NoParametersProtectedConstructor.java,value-fixture/src/nonimmutables/_underscore/SomeUnderscored.java,0.25,0.0,0
Java/Connecting Graph II.java,Java/House Robber II.java,0.0,0.0,0
Java/131. Palindrome Partitioning.java,Java/Backspace String Compare.java,0.0,0.0,1
Java/1053. Previous Permutation With One Swap.java,Java/[lint]. Segment Tree Build.java,0.0,0.0,1
Java/101. Symmetric Tree.java,Java/Remove Duplicate Letters.java,0.0,0.0,1
Java/Subtree of Another Tree.java,Java/4Sum.java,0.0,0.0,0
Java/83. Remove Duplicates from Sorted List.java,Java/[lint]. Longest Words.java,0.0,0.0,1
actor-model/src/main/java/com/iluwatar/actormodel/Actor.java,clean-architecture/src/main/java/com/iluwatar/cleanarchitecture/CartRepository.java,0.0,0.0,0
backpressure/src/test/java/com/iluwatar/backpressure/AppTest.java,publish-subscribe/src/test/java/com/iluwatar/publish/subscribe/subscriber/SubscriberTest.java,0.07142857142857142,0.0,0
Java/Contiguous Array.java,Java/Group Shifted Strings.java,0.0,0.0,0
Java/1053. Previous Permutation With One Swap.java,Java/[lint]. Compare Strings.java,0.0,0.0,1
Java/518. Coin Change 2.java,Java/Connecting Graph.java,0.0,0.0,1
Java/Longest Increasing Path in a Matrix.java,Java/Number of Airplane in the sky.java,0.0,0.0,0
Java/133. Clone Graph.java,Java/House Robber II.java,0.0,0.0,0
Java/557. Reverse Words in a String III.java,Java/Power of Two.java,0.0,0.0,1
value-fixture/src/org/immutables/fixture/jdkonly/OptionalLongDefault.java,value-fixture/src/org/immutables/fixture/builder/from/HugeParentTwo.java,0.0,0.0,0
Java/509. Fibonacci Number.java,Java/Word Squares.java,0.0,0.0,1
Java/Path Sum IV.java,Java/Flip Game II.java,0.0,0.0,0
Java/Merge Two Binary Trees.java,"Java/Pow(x, n).java",0.0,0.0,0
Java/5. Longest Palindromic Substring.java,Java/Redundant Connection II.java,0.0,0.0,1
value-fixture/src-java-17/org/immutables/fixture/j17/PersonRecord.java,value-fixture/test/org/immutables/fixture/AllDefaultsTest.java,0.0,0.0,0
Java/140. Word Break II.java,Java/46. Permutations.java,0.0,0.0,1
Java/986. Interval List Intersections.java,Java/Smallest Subtree with all the Deepest Nodes.java,0.0,0.0,1
Java/Word Ladder.java,Java/Linked List Cycle II.java,0.0,0.0,0
Java/243. Shortest Word Distance.java,Java/Backpack III.java,0.0,0.0,1
Java/692. Top K Frequent Words.java,Java/88. Merge Sorted Array.java,0.0,0.0,1
generator/src/org/immutables/generator/ClasspathAvailability.java,value-fixture/src/org/immutables/fixture/jdkonly/OptionalIntDefault.java,0.0,0.0,0
Java/245. Shortest Word Distance III.java,Java/893. Groups of Special-Equivalent Strings.java,0.0,0.0,1
Java/278. First Bad Version.java,Java/Paint Fence.java,0.0,0.0,0
Java/229. Majority Element II.java,Java/443. String Compression.java,0.0,0.0,1
Java/234. Palindrome Linked List.java,Java/287. Find the Duplicate Number.java,0.0,0.0,1
Java/855. Exam Room.java,Java/896. Monotonic Array.java,0.0,0.0,1
Java/Longest Increasing Path in a Matrix.java,Java/Number of Digit One.java,0.0,0.0,1
Java/Next Closest Time.java,Java/Perfect Rectangle.java,0.0,0.0,1
Java/110. Balanced Binary Tree.java,Java/Ones and Zeroes.java,0.0,0.0,1
Java/170. Two Sum III - Data structure design.java,Java/31. Next Permutation.java,0.0,0.0,1
Java/57. Insert Interval.java,Java/Longest Common Substring.java,0.0,0.0,0
value-fixture/src/org/immutables/fixture/CheckWithPlainConstructor.java,generator/src/org/immutables/generator/Output.java,0.0,0.0,0
Java/Ugly Number II.java,Java/Trapping Rain Water II.java,0.0,0.0,0
Java/Frog Jump.java,Java/Redundant Connection.java,0.0,0.0,1
Java/Bus Routes.java,Java/Design Search Autocomplete System.java,0.0,0.0,1
Java/Encode and Decode TinyURL.java,Java/Inorder Successor in BST.java,0.0,0.0,0
Java/215. Kth Largest Element in an Array.java,Java/Design Search Autocomplete System.java,0.0,0.0,1
Java/Russian Doll Envelopes.java,Java/Sliding Window Median.java,0.0,0.0,0
Java/449. Serialize and Deserialize BST.java,Java/94. Binary Tree Inorder Traversal.java,0.0,0.0,1
Java/237. Delete Node in a Linked List.java,Java/Paint Fence.java,0.0,0.0,0
Java/168. Excel Sheet Column Title.java,Java/House Robber II.java,0.0,0.0,0
Java/204. Count Primes.java,Java/Subarray Sum Closest.java,0.0,0.0,0
Java/12. Integer to Roman.java,Java/621. Task Scheduler.java,0.0,0.0,1
Java/Robot Room Cleaner.java,Java/[lint]. Merge k Sorted Arrays.java,0.0,0.0,1
Java/426. Convert Binary Search Tree to Sorted Doubly Linked List.java,Java/Walls and Gates.java,0.0,0.0,1
Java/Next Closest Time.java,Java/4Sum.java,0.0,0.0,0
Java/112. Path Sum.java,Java/788. Rotated Digits.java,0.0,0.0,1
value-fixture/src-java-17/org/immutables/fixture/jackson3/SampleJacksonMapped.java,value-fixture/src-java-17/org/immutables/fixture/j17/RecUseRecBld.java,0.2,0.0,0
Java/121. Best Time to Buy and Sell Stock.java,Java/88. Merge Sorted Array.java,0.0,0.0,1
Java/151. Reverse Words in a String.java,Java/Number of Connected Components in an Undirected Graph.java,0.0,0.0,1
Java/217. Contains Duplicate.java,Java/Shuffle an Array.java,0.0,0.0,1
Java/345. Reverse Vowels of a String.java,Java/[lint]. HashHeap.java,0.0,0.0,1
Java/Find Peak Element II.java,Java/Guess Number Higher or Lower.java,0.0,0.0,1
Java/2. Add Two Numbers.java,Java/415. Add Strings.java,0.0,0.0,1
Java/131. Palindrome Partitioning.java,Java/41. First Missing Positive.java,0.0,0.0,1
Java/80.Remove Duplicates from Sorted Array II.java,Java/Copy Books.java,0.0,0.0,1
Java/121. Best Time to Buy and Sell Stock.java,Java/Binary Representation.java,0.0,0.0,0
backpressure/src/main/java/com/iluwatar/backpressure/Publisher.java,backpressure/src/test/java/com/iluwatar/backpressure/LoggerExtension.java,0.0,0.0,1
Java/151. Reverse Words in a String.java,Java/47. Permutations II.java,0.0,0.0,1
Java/745. Prefix and Suffix Search.java,Java/Minimum Subarray.java,0.0,0.0,0
Java/21. Merge Two Sorted Lists.java,Java/[lint]. Recover Rotated Sorted Array.java,0.0,0.0,1
Java/Backpack III.java,Java/Word Search II.java,0.0,0.0,0
Java/222. Count Complete Tree Nodes.java,Java/42. Trapping Rain Water.java,0.0,0.0,1
clean-architecture/src/main/java/com/iluwatar/cleanarchitecture/CartController.java,backpressure/src/test/java/com/iluwatar/backpressure/LoggerExtension.java,0.0,0.0,0
Java/215. Kth Largest Element in an Array.java,Java/[tool] Quick Select - Median.java,0.0,0.0,1
Java/Power of Two.java,Java/Remove Duplicate Letters.java,0.0,0.0,1
Java/101. Symmetric Tree.java,Java/211. Add and Search Word - Data structure design.java,0.0,0.0,1
Java/131. Palindrome Partitioning.java,Java/739. Daily Temperatures.java,0.0,0.0,1
Java/76. Minimum Window Substring.java,Java/Convert Sorted Array to Binary Search Tree.java,0.0,0.0,1
Java/76. Minimum Window Substring.java,Java/Sliding Puzzle.java,0.0,0.0,1
Java/236. Lowest Common Ancestor of a Binary Tree.java,Java/76. Minimum Window Substring.java,0.0,0.0,1
value-processor/src/org/immutables/value/processor/meta/ValueMirrors.java,value-fixture/src/org/immutables/fixture/nullable/typeuse/TryCustomNullann.java,0.0,0.0,0
Java/1026. Maximum Difference Between Node and Ancestor.java,Java/119. Pascal's Triangle II.java,0.0,0.0,1
Java/202. Happy Number.java,Java/Compare Version Numbers.java,0.0,0.0,1
Java/71. Simplify Path.java,Java/The Maze III.java,0.0,0.0,1
Java/Remove Duplicate Letters.java,Java/Two Sum II - Input array is sorted.java,0.0,0.0,0
Java/987. Vertical Order Traversal of a Binary Tree.java,Java/The Maze.java,0.0,0.0,1
Java/692. Top K Frequent Words.java,Java/721. Accounts Merge.java,0.0,0.0,1
Java/40. Combination Sum II.java,Java/Shortest Palindrome.java,0.0,0.0,1
Java/311. Sparse Matrix Multiplication.java,Java/Bricks Falling When Hit.java,0.0,0.0,1
Java/215. Kth Largest Element in an Array.java,Java/269. Alien Dictionary.java,0.0,0.0,1
